supplier_id,product_category,material,grade,dimension,monthly_capacity
S0001,Ball Valves,Carbon Steel,SS304,1 inch,3270
S0001,Conveyor Belts,Rubber,Grade A,1000 mm,6715
S0001,Gearboxes,Cast Iron,Worm,10 HP,9315
S0002,Ball Valves,Stainless Steel,SS316,1 inch,11963
S0002,Hydraulic Cylinders,Stainless Steel,MS,150 mm,15254
S0003,Conveyor Belts,Rubber,Grade A,1000 mm,7667
S0003,Electric Motors,Aluminium,IE2,5 HP,12655
S0004,Ball Valves,Stainless Steel,CS,3 inch,8221
S0004,Steel Brackets,Mild Steel,MS,5 mm,21171
S0004,Conveyor Belts,PU,Grade A,500 mm,27128
S0005,Hydraulic Cylinders,Steel,SS304,100 mm,29189
S0005,Sheet Metal Parts,Mild Steel,SS304,2 mm,8281
S0005,Electric Motors,Cast Iron,IE3,10 HP,7386
S0006,Gearboxes,Cast Iron,Worm,5 HP,19726
S0007,Electric Motors,Cast Iron,IE2,10 HP,14446
S0007,Steel Brackets,Mild Steel,SS304,8 mm,28899
S0007,Electric Motors,Aluminium,IE2,25 HP,9979
S0008,Industrial Pumps,Cast Iron,SS316,5 HP,3865
S0008,Hydraulic Cylinders,Stainless Steel,MS,50 mm,8092
S0008,Ball Valves,Stainless Steel,CS,2 inch,26939
S0009,Gearboxes,Cast Iron,Helical,10 HP,10414
S0009,Gearboxes,Steel,Worm,10 HP,14994
S0009,Ball Valves,Stainless Steel,SS304,1 inch,11278
S0010,Ball Valves,Stainless Steel,SS316,1 inch,17047
S0011,Sheet Metal Parts,Mild Steel,SS304,5 mm,6439
S0011,Ball Valves,Stainless Steel,CS,2 inch,11809
S0011,Gearboxes,Steel,Worm,10 HP,1975
S0012,Conveyor Belts,PU,Grade A,800 mm,6212
S0013,Industrial Pumps,Stainless Steel,SS304,5 HP,5649
S0014,Industrial Pumps,Cast Iron,SS316,10 HP,9547
S0014,Gearboxes,Steel,Helical,2 HP,9922
S0015,Sheet Metal Parts,Mild Steel,MS,10 mm,2825
S0016,Conveyor Belts,Rubber,Grade A,800 mm,21740
S0016,Hydraulic Cylinders,Stainless Steel,MS,150 mm,23668
S0016,Hydraulic Cylinders,Steel,SS304,100 mm,4488
S0017,Ball Valves,Stainless Steel,CS,1 inch,16776
S0017,Electric Motors,Aluminium,IE3,5 HP,29011
S0017,Conveyor Belts,PU,Food Grade,500 mm,14558
S0018,Steel Brackets,Mild Steel,SS304,3 mm,24527
S0019,Electric Motors,Cast Iron,IE3,5 HP,3224
S0019,Gearboxes,Steel,Helical,2 HP,11129
S0019,Steel Brackets,Mild Steel,SS304,8 mm,14678
S0020,Industrial Pumps,Cast Iron,CI,20 HP,5052
S0021,Conveyor Belts,Rubber,Grade A,800 mm,25762
S0021,Gearboxes,Cast Iron,Helical,2 HP,26410
S0022,Conveyor Belts,PU,Grade A,1000 mm,3742
S0022,Gearboxes,Cast Iron,Worm,2 HP,6739
S0022,Sheet Metal Parts,Stainless Steel,SS304,2 mm,7504
S0023,Hydraulic Cylinders,Stainless Steel,SS304,50 mm,3979
S0023,Electric Motors,Aluminium,IE3,5 HP,3752
S0024,Gearboxes,Cast Iron,Worm,2 HP,23425
S0025,Conveyor Belts,PU,Food Grade,500 mm,21965
S0025,Hydraulic Cylinders,Stainless Steel,MS,150 mm,29692
S0025,Electric Motors,Cast Iron,IE3,10 HP,13385
S0026,Electric Motors,Cast Iron,IE2,10 HP,9601
S0027,Conveyor Belts,PU,Grade A,1000 mm,2978
S0027,Electric Motors,Cast Iron,IE2,5 HP,22246
S0027,Electric Motors,Aluminium,IE2,5 HP,1000
S0028,Conveyor Belts,PU,Food Grade,800 mm,8194
S0028,Steel Brackets,Stainless Steel,SS304,5 mm,7370
S0028,Steel Brackets,Mild Steel,SS304,8 mm,8365
S0029,Hydraulic Cylinders,Stainless Steel,SS304,150 mm,14811
S0029,Steel Brackets,Mild Steel,MS,5 mm,24834
S0029,Conveyor Belts,PU,Food Grade,1000 mm,8039
S0030,Ball Valves,Stainless Steel,SS304,1 inch,12751
S0030,Steel Brackets,Stainless Steel,SS304,5 mm,13556
S0030,Hydraulic Cylinders,Stainless Steel,SS304,50 mm,6977
S0031,Sheet Metal Parts,Mild Steel,SS304,5 mm,24889
S0031,Gearboxes,Steel,Helical,5 HP,7390
S0032,Steel Brackets,Mild Steel,SS304,8 mm,17702
S0032,Industrial Pumps,Cast Iron,CI,20 HP,21925
S0032,Industrial Pumps,Stainless Steel,CI,10 HP,4646
S0033,Gearboxes,Steel,Worm,5 HP,27558
S0033,Ball Valves,Carbon Steel,SS304,3 inch,17875
S0034,Conveyor Belts,Rubber,Grade A,1000 mm,5193
S0035,Electric Motors,Cast Iron,IE2,25 HP,20098
S0035,Ball Valves,Stainless Steel,SS316,1 inch,19162
S0035,Industrial Pumps,Cast Iron,CI,20 HP,29954
S0036,Electric Motors,Aluminium,IE2,10 HP,17656
S0037,Ball Valves,Carbon Steel,SS316,3 inch,29415
S0037,Sheet Metal Parts,Mild Steel,SS304,2 mm,24245
S0038,Electric Motors,Cast Iron,IE2,5 HP,9339
S0038,Sheet Metal Parts,Mild Steel,SS304,10 mm,20199
S0038,Gearboxes,Steel,Helical,5 HP,28084
S0039,Electric Motors,Aluminium,IE2,5 HP,8108
S0039,Gearboxes,Steel,Helical,10 HP,15800
S0039,Sheet Metal Parts,Stainless Steel,MS,2 mm,9841
S0040,Hydraulic Cylinders,Stainless Steel,SS304,100 mm,23231
S0040,Sheet Metal Parts,Stainless Steel,SS304,5 mm,7754
S0040,Ball Valves,Stainless Steel,SS316,1 inch,24542
S0041,Electric Motors,Aluminium,IE2,10 HP,7654
S0041,Hydraulic Cylinders,Steel,SS304,50 mm,23400
S0041,Steel Brackets,Mild Steel,SS304,3 mm,18332
S0042,Sheet Metal Parts,Stainless Steel,MS,2 mm,8473
S0042,Sheet Metal Parts,Mild Steel,MS,5 mm,16313
S0043,Ball Valves,Carbon Steel,CS,3 inch,26110
S0044,Electric Motors,Aluminium,IE2,5 HP,20696
S0044,Conveyor Belts,PU,Grade A,500 mm,8059
S0045,Industrial Pumps,Stainless Steel,SS316,20 HP,9464
S0045,Sheet Metal Parts,Mild Steel,MS,5 mm,26015
S0046,Ball Valves,Stainless Steel,SS304,2 inch,19698
S0047,Sheet Metal Parts,Stainless Steel,MS,10 mm,1506
S0047,Gearboxes,Steel,Worm,2 HP,3192
S0048,Sheet Metal Parts,Stainless Steel,MS,10 mm,14483
S0048,Sheet Metal Parts,Mild Steel,SS304,5 mm,13580
S0048,Hydraulic Cylinders,Stainless Steel,MS,50 mm,11007
S0049,Sheet Metal Parts,Mild Steel,SS304,5 mm,10793
S0050,Gearboxes,Cast Iron,Helical,10 HP,12054
S0050,Sheet Metal Parts,Stainless Steel,MS,2 mm,8950
S0051,Conveyor Belts,Rubber,Food Grade,1000 mm,648
S0051,Gearboxes,Cast Iron,Helical,2 HP,15320
S0051,Ball Valves,Stainless Steel,SS316,3 inch,9763
S0052,Steel Brackets,Mild Steel,SS304,8 mm,16854
S0052,Steel Brackets,Stainless Steel,MS,5 mm,11337
S0052,Electric Motors,Aluminium,IE3,25 HP,9983
S0053,Gearboxes,Steel,Worm,2 HP,23055
S0053,Conveyor Belts,PU,Grade A,800 mm,1630
S0053,Hydraulic Cylinders,Stainless Steel,SS304,100 mm,21947
S0054,Ball Valves,Carbon Steel,SS304,3 inch,4923
S0054,Gearboxes,Cast Iron,Helical,5 HP,25809
S0055,Gearboxes,Steel,Worm,10 HP,1376
S0055,Ball Valves,Stainless Steel,CS,3 inch,9616
S0055,Conveyor Belts,Rubber,Food Grade,500 mm,25115
S0056,Electric Motors,Cast Iron,IE3,10 HP,4970
S0057,Gearboxes,Cast Iron,Worm,10 HP,4889
S0057,Conveyor Belts,PU,Food Grade,800 mm,8566
S0057,Industrial Pumps,Cast Iron,SS316,20 HP,18110
S0058,Electric Motors,Cast Iron,IE3,5 HP,12805
S0058,Sheet Metal Parts,Mild Steel,MS,5 mm,18940
S0058,Hydraulic Cylinders,Stainless Steel,SS304,50 mm,27398
S0059,Sheet Metal Parts,Stainless Steel,MS,10 mm,26477
S0059,Hydraulic Cylinders,Steel,MS,150 mm,8412
S0059,Steel Brackets,Stainless Steel,SS304,5 mm,26041
S0060,Gearboxes,Cast Iron,Helical,2 HP,25972
S0060,Hydraulic Cylinders,Stainless Steel,MS,100 mm,27223
S0061,Gearboxes,Steel,Helical,5 HP,656
S0062,Hydraulic Cylinders,Steel,MS,100 mm,1020
S0062,Hydraulic Cylinders,Steel,MS,150 mm,27196
S0063,Ball Valves,Stainless Steel,SS304,3 inch,4645
S0063,Gearboxes,Steel,Worm,10 HP,24551
S0064,Sheet Metal Parts,Stainless Steel,SS304,2 mm,22819
S0065,Hydraulic Cylinders,Stainless Steel,MS,100 mm,9240
S0065,Conveyor Belts,Rubber,Food Grade,500 mm,21917
S0065,Conveyor Belts,Rubber,Grade A,800 mm,8181
S0066,Hydraulic Cylinders,Steel,MS,100 mm,28328
S0067,Industrial Pumps,Cast Iron,SS304,20 HP,10809
S0068,Ball Valves,Carbon Steel,SS316,2 inch,17017
S0068,Ball Valves,Carbon Steel,CS,1 inch,20355
S0068,Industrial Pumps,Cast Iron,SS316,20 HP,1220
S0069,Ball Valves,Carbon Steel,CS,1 inch,2352
S0070,Electric Motors,Cast Iron,IE3,5 HP,26188
S0070,Ball Valves,Stainless Steel,SS316,2 inch,29300
S0070,Conveyor Belts,PU,Food Grade,800 mm,13265
S0071,Sheet Metal Parts,Mild Steel,MS,2 mm,3254
S0071,Gearboxes,Cast Iron,Worm,2 HP,18431
S0071,Industrial Pumps,Cast Iron,CI,5 HP,13661
S0072,Conveyor Belts,Rubber,Food Grade,500 mm,27963
S0072,Ball Valves,Carbon Steel,CS,2 inch,3964
S0072,Electric Motors,Aluminium,IE3,25 HP,25347
S0073,Hydraulic Cylinders,Steel,MS,50 mm,18757
S0073,Gearboxes,Cast Iron,Helical,10 HP,20947
S0074,Electric Motors,Cast Iron,IE2,5 HP,5298
S0074,Steel Brackets,Stainless Steel,SS304,5 mm,14719
S0075,Gearboxes,Cast Iron,Worm,10 HP,22432
S0075,Sheet Metal Parts,Stainless Steel,MS,2 mm,13151
S0076,Electric Motors,Cast Iron,IE2,5 HP,16498
S0076,Gearboxes,Cast Iron,Helical,5 HP,17651
S0077,Ball Valves,Carbon Steel,CS,2 inch,18989
S0077,Gearboxes,Steel,Worm,2 HP,13472
S0078,Ball Valves,Carbon Steel,SS304,1 inch,14476
S0078,Gearboxes,Cast Iron,Worm,5 HP,24638
S0079,Conveyor Belts,PU,Food Grade,1000 mm,27035
S0079,Steel Brackets,Stainless Steel,SS304,3 mm,8587
S0079,Conveyor Belts,Rubber,Grade A,1000 mm,2669
S0080,Hydraulic Cylinders,Stainless Steel,MS,100 mm,2437
S0080,Sheet Metal Parts,Stainless Steel,SS304,5 mm,19579
S0080,Industrial Pumps,Cast Iron,CI,5 HP,10371
S0081,Gearboxes,Steel,Helical,5 HP,29987
S0082,Ball Valves,Carbon Steel,CS,1 inch,16733
S0082,Steel Brackets,Stainless Steel,SS304,8 mm,14544
S0083,Industrial Pumps,Cast Iron,SS304,10 HP,3296
S0083,Gearboxes,Steel,Worm,10 HP,28104
S0084,Gearboxes,Cast Iron,Helical,5 HP,18514
S0084,Gearboxes,Steel,Helical,10 HP,23230
S0085,Hydraulic Cylinders,Stainless Steel,MS,50 mm,4707
S0086,Industrial Pumps,Cast Iron,CI,5 HP,19770
S0086,Gearboxes,Cast Iron,Helical,2 HP,27441
S0086,Steel Brackets,Mild Steel,SS304,5 mm,12137
S0087,Electric Motors,Cast Iron,IE2,10 HP,22426
S0088,Steel Brackets,Stainless Steel,SS304,5 mm,1909
S0088,Sheet Metal Parts,Stainless Steel,MS,10 mm,27918
S0089,Gearboxes,Cast Iron,Helical,5 HP,29187
S0090,Hydraulic Cylinders,Steel,MS,100 mm,3446
S0091,Sheet Metal Parts,Stainless Steel,MS,2 mm,822
S0092,Electric Motors,Aluminium,IE3,5 HP,1764
S0093,Industrial Pumps,Stainless Steel,CI,5 HP,9744
S0093,Gearboxes,Cast Iron,Worm,2 HP,18899
S0093,Gearboxes,Cast Iron,Helical,10 HP,12016
S0094,Industrial Pumps,Cast Iron,SS304,10 HP,8101
S0094,Ball Valves,Carbon Steel,SS304,1 inch,11744
S0095,Steel Brackets,Stainless Steel,SS304,8 mm,25634
S0095,Sheet Metal Parts,Mild Steel,SS304,2 mm,1635
S0096,Electric Motors,Aluminium,IE2,10 HP,11897
S0096,Industrial Pumps,Cast Iron,SS316,5 HP,26392
S0097,Sheet Metal Parts,Stainless Steel,SS304,10 mm,8939
S0098,Hydraulic Cylinders,Steel,MS,100 mm,21857
S0098,Electric Motors,Cast Iron,IE3,25 HP,23716
S0099,Gearboxes,Steel,Helical,2 HP,22193
S0099,Gearboxes,Steel,Helical,2 HP,4878
S0099,Sheet Metal Parts,Mild Steel,MS,2 mm,7933
S0100,Hydraulic Cylinders,Stainless Steel,MS,150 mm,4711
S0100,Hydraulic Cylinders,Stainless Steel,SS304,150 mm,9332
S0101,Electric Motors,Cast Iron,IE3,5 HP,20249
S0102,Sheet Metal Parts,Mild Steel,SS304,10 mm,11584
S0102,Ball Valves,Carbon Steel,SS316,1 inch,23524
S0102,Steel Brackets,Mild Steel,SS304,3 mm,6785
S0103,Steel Brackets,Stainless Steel,SS304,5 mm,13246
S0103,Sheet Metal Parts,Stainless Steel,SS304,10 mm,2616
S0103,Steel Brackets,Mild Steel,SS304,5 mm,15464
S0104,Gearboxes,Cast Iron,Helical,10 HP,5214
S0105,Ball Valves,Carbon Steel,SS304,3 inch,18249
S0105,Electric Motors,Aluminium,IE3,25 HP,17681
S0106,Hydraulic Cylinders,Steel,MS,50 mm,1689
S0106,Electric Motors,Aluminium,IE3,25 HP,21138
S0106,Industrial Pumps,Cast Iron,CI,20 HP,9691
S0107,Industrial Pumps,Stainless Steel,SS316,10 HP,16067
S0108,Hydraulic Cylinders,Stainless Steel,MS,100 mm,17074
S0108,Ball Valves,Carbon Steel,SS304,2 inch,4214
S0108,Electric Motors,Cast Iron,IE2,5 HP,3372
S0109,Hydraulic Cylinders,Steel,MS,100 mm,17066
S0109,Sheet Metal Parts,Stainless Steel,SS304,5 mm,959
S0110,Industrial Pumps,Cast Iron,SS316,20 HP,29112
S0111,Hydraulic Cylinders,Stainless Steel,SS304,50 mm,13326
S0111,Industrial Pumps,Stainless Steel,SS316,20 HP,9656
S0111,Ball Valves,Carbon Steel,CS,2 inch,25247
S0112,Hydraulic Cylinders,Steel,MS,150 mm,16882
S0112,Gearboxes,Cast Iron,Helical,2 HP,4690
S0112,Hydraulic Cylinders,Stainless Steel,SS304,50 mm,20065
S0113,Electric Motors,Cast Iron,IE3,25 HP,18645
S0113,Electric Motors,Cast Iron,IE2,10 HP,11054
S0113,Ball Valves,Carbon Steel,CS,2 inch,26308
S0114,Industrial Pumps,Cast Iron,SS304,20 HP,20811
S0115,Conveyor Belts,Rubber,Food Grade,800 mm,13922
S0116,Industrial Pumps,Stainless Steel,CI,5 HP,18579
S0116,Hydraulic Cylinders,Stainless Steel,SS304,100 mm,5874
S0116,Sheet Metal Parts,Stainless Steel,SS304,10 mm,25496
S0117,Conveyor Belts,PU,Food Grade,800 mm,11629
S0117,Electric Motors,Cast Iron,IE2,25 HP,22371
S0118,Industrial Pumps,Cast Iron,CI,5 HP,11549
S0118,Sheet Metal Parts,Stainless Steel,SS304,2 mm,6821
S0119,Conveyor Belts,Rubber,Grade A,1000 mm,29861
S0119,Conveyor Belts,Rubber,Grade A,500 mm,13743
S0119,Hydraulic Cylinders,Stainless Steel,MS,150 mm,25456
S0120,Conveyor Belts,PU,Food Grade,800 mm,21364
S0120,Industrial Pumps,Stainless Steel,CI,20 HP,7809
S0121,Sheet Metal Parts,Mild Steel,SS304,2 mm,503
S0121,Electric Motors,Aluminium,IE3,10 HP,15088
S0122,Steel Brackets,Mild Steel,MS,8 mm,6301
S0122,Industrial Pumps,Cast Iron,SS316,20 HP,22298
S0123,Ball Valves,Stainless Steel,SS304,2 inch,10803
S0123,Conveyor Belts,Rubber,Food Grade,800 mm,7917
S0123,Sheet Metal Parts,Stainless Steel,SS304,5 mm,19286
S0124,Sheet Metal Parts,Stainless Steel,MS,5 mm,22681
S0125,Conveyor Belts,Rubber,Food Grade,500 mm,15108
S0126,Conveyor Belts,Rubber,Grade A,1000 mm,14839
S0126,Hydraulic Cylinders,Steel,MS,50 mm,27357
S0126,Conveyor Belts,Rubber,Grade A,800 mm,28199
S0127,Sheet Metal Parts,Mild Steel,SS304,2 mm,17018
S0127,Gearboxes,Steel,Helical,10 HP,15351
S0127,Electric Motors,Aluminium,IE3,10 HP,26953
S0128,Industrial Pumps,Stainless Steel,SS316,5 HP,9607
S0128,Gearboxes,Cast Iron,Helical,10 HP,24097
S0128,Gearboxes,Steel,Worm,5 HP,28695
S0129,Hydraulic Cylinders,Steel,MS,150 mm,13079
S0129,Steel Brackets,Stainless Steel,SS304,3 mm,9976
S0129,Sheet Metal Parts,Stainless Steel,SS304,2 mm,8310
S0130,Industrial Pumps,Cast Iron,CI,5 HP,8086
S0131,Conveyor Belts,Rubber,Food Grade,800 mm,7878
S0132,Hydraulic Cylinders,Stainless Steel,MS,100 mm,28913
S0132,Steel Brackets,Stainless Steel,MS,5 mm,9216
S0132,Industrial Pumps,Stainless Steel,CI,20 HP,14198
S0133,Gearboxes,Steel,Helical,5 HP,12535
S0133,Steel Brackets,Mild Steel,SS304,3 mm,10054
S0134,Gearboxes,Cast Iron,Worm,2 HP,11022
S0135,Gearboxes,Cast Iron,Helical,2 HP,26566
S0135,Conveyor Belts,PU,Grade A,800 mm,10134
S0136,Conveyor Belts,PU,Grade A,1000 mm,10738
S0137,Sheet Metal Parts,Stainless Steel,MS,10 mm,15584
S0137,Hydraulic Cylinders,Steel,SS304,100 mm,13763
S0137,Industrial Pumps,Stainless Steel,CI,5 HP,731
S0138,Sheet Metal Parts,Stainless Steel,SS304,5 mm,23909
S0139,Sheet Metal Parts,Mild Steel,MS,10 mm,1308
S0139,Ball Valves,Stainless Steel,SS304,2 inch,4705
S0139,Conveyor Belts,Rubber,Grade A,500 mm,7367
S0140,Sheet Metal Parts,Mild Steel,MS,10 mm,18276
S0140,Gearboxes,Cast Iron,Helical,10 HP,23864
S0141,Ball Valves,Stainless Steel,SS304,1 inch,20508
S0142,Conveyor Belts,Rubber,Food Grade,1000 mm,27333
S0142,Ball Valves,Stainless Steel,SS304,2 inch,12627
S0143,Hydraulic Cylinders,Steel,MS,50 mm,7127
S0143,Sheet Metal Parts,Stainless Steel,MS,2 mm,22627
S0144,Gearboxes,Cast Iron,Worm,2 HP,18679
S0145,Ball Valves,Carbon Steel,SS304,1 inch,14522
S0145,Conveyor Belts,Rubber,Food Grade,1000 mm,25398
S0145,Gearboxes,Steel,Helical,10 HP,9156
S0146,Gearboxes,Cast Iron,Worm,2 HP,23567
S0146,Ball Valves,Stainless Steel,SS316,1 inch,12651
S0146,Steel Brackets,Mild Steel,MS,5 mm,3691
S0147,Steel Brackets,Mild Steel,MS,8 mm,18377
S0148,Hydraulic Cylinders,Stainless Steel,MS,100 mm,13759
S0148,Gearboxes,Cast Iron,Helical,10 HP,17275
S0148,Steel Brackets,Mild Steel,SS304,3 mm,9011
S0149,Sheet Metal Parts,Mild Steel,SS304,5 mm,8280
S0149,Sheet Metal Parts,Mild Steel,SS304,2 mm,4639
S0150,Hydraulic Cylinders,Stainless Steel,MS,100 mm,10707
S0150,Conveyor Belts,PU,Food Grade,500 mm,13249
S0151,Hydraulic Cylinders,Steel,MS,150 mm,18079
S0151,Steel Brackets,Stainless Steel,MS,8 mm,7069
S0152,Steel Brackets,Mild Steel,SS304,5 mm,21783
S0152,Steel Brackets,Mild Steel,MS,3 mm,14915
S0153,Industrial Pumps,Cast Iron,CI,20 HP,19658
S0153,Ball Valves,Stainless Steel,SS304,3 inch,21980
S0154,Gearboxes,Cast Iron,Helical,2 HP,8678
S0154,Conveyor Belts,Rubber,Food Grade,800 mm,13016
S0155,Steel Brackets,Mild Steel,MS,5 mm,15120
S0156,Ball Valves,Carbon Steel,SS304,3 inch,3971
S0156,Industrial Pumps,Cast Iron,CI,5 HP,22388
S0157,Conveyor Belts,PU,Grade A,500 mm,21187
S0157,Gearboxes,Steel,Helical,10 HP,20323
S0158,Ball Valves,Stainless Steel,CS,1 inch,12186
S0158,Hydraulic Cylinders,Steel,SS304,50 mm,8796
S0159,Steel Brackets,Mild Steel,SS304,8 mm,4589
S0159,Hydraulic Cylinders,Steel,MS,100 mm,4032
S0160,Gearboxes,Cast Iron,Worm,10 HP,17808
S0160,Steel Brackets,Stainless Steel,MS,5 mm,4797
S0161,Steel Brackets,Stainless Steel,MS,8 mm,16762
S0161,Sheet Metal Parts,Stainless Steel,SS304,5 mm,23469
S0162,Industrial Pumps,Cast Iron,SS304,20 HP,9659
S0162,Steel Brackets,Mild Steel,MS,8 mm,16938
S0163,Sheet Metal Parts,Mild Steel,SS304,2 mm,24316
S0164,Ball Valves,Stainless Steel,SS304,3 inch,19465
S0164,Hydraulic Cylinders,Stainless Steel,MS,150 mm,4762
S0165,Hydraulic Cylinders,Stainless Steel,SS304,150 mm,8960
S0166,Steel Brackets,Stainless Steel,SS304,3 mm,23510
S0166,Hydraulic Cylinders,Steel,SS304,100 mm,4858
S0166,Electric Motors,Cast Iron,IE3,10 HP,2674
S0167,Sheet Metal Parts,Stainless Steel,MS,10 mm,3252
S0167,Sheet Metal Parts,Stainless Steel,MS,10 mm,13232
S0168,Steel Brackets,Mild Steel,MS,8 mm,25177
S0168,Industrial Pumps,Stainless Steel,SS304,20 HP,25886
S0168,Sheet Metal Parts,Mild Steel,MS,2 mm,14660
S0169,Steel Brackets,Mild Steel,SS304,8 mm,12010
S0169,Electric Motors,Aluminium,IE3,25 HP,29815
S0170,Ball Valves,Stainless Steel,SS304,1 inch,15824
S0170,Ball Valves,Stainless Steel,CS,1 inch,17221
S0171,Steel Brackets,Mild Steel,SS304,3 mm,12752
S0171,Ball Valves,Stainless Steel,SS304,2 inch,12244
S0171,Electric Motors,Aluminium,IE3,5 HP,21223
S0172,Conveyor Belts,Rubber,Food Grade,1000 mm,22697
S0172,Sheet Metal Parts,Mild Steel,MS,2 mm,4787
S0173,Ball Valves,Stainless Steel,CS,3 inch,19861
S0173,Electric Motors,Aluminium,IE3,5 HP,17165
S0173,Conveyor Belts,PU,Food Grade,1000 mm,1988
S0174,Industrial Pumps,Cast Iron,SS316,5 HP,12875
S0174,Gearboxes,Steel,Helical,5 HP,25443
S0174,Ball Valves,Stainless Steel,CS,1 inch,651
S0175,Gearboxes,Steel,Worm,2 HP,21189
S0175,Steel Brackets,Mild Steel,SS304,5 mm,2789
S0175,Conveyor Belts,Rubber,Food Grade,800 mm,19416
S0176,Gearboxes,Cast Iron,Worm,10 HP,20150
S0177,Sheet Metal Parts,Stainless Steel,SS304,2 mm,12385
S0178,Ball Valves,Carbon Steel,CS,3 inch,20762
S0178,Ball Valves,Carbon Steel,SS316,3 inch,12000
S0179,Ball Valves,Stainless Steel,CS,3 inch,284
S0179,Industrial Pumps,Stainless Steel,SS304,5 HP,15658
S0179,Hydraulic Cylinders,Stainless Steel,MS,50 mm,28298
S0180,Ball Valves,Carbon Steel,SS304,3 inch,22263
S0180,Industrial Pumps,Stainless Steel,SS304,20 HP,1704
S0181,Sheet Metal Parts,Mild Steel,SS304,2 mm,9754
S0182,Conveyor Belts,Rubber,Grade A,800 mm,983
S0183,Electric Motors,Aluminium,IE2,25 HP,8004
S0183,Gearboxes,Steel,Helical,2 HP,23519
S0183,Electric Motors,Aluminium,IE2,5 HP,29602
S0184,Steel Brackets,Mild Steel,SS304,8 mm,18806
S0184,Industrial Pumps,Cast Iron,CI,5 HP,7958
S0184,Electric Motors,Cast Iron,IE3,10 HP,23161
S0185,Ball Valves,Stainless Steel,SS304,1 inch,14931
S0185,Sheet Metal Parts,Stainless Steel,SS304,2 mm,17761
S0185,Hydraulic Cylinders,Steel,SS304,100 mm,15382
S0186,Industrial Pumps,Stainless Steel,SS316,5 HP,3188
S0186,Conveyor Belts,PU,Food Grade,1000 mm,1804
S0186,Electric Motors,Cast Iron,IE2,5 HP,13451
S0187,Industrial Pumps,Stainless Steel,SS304,5 HP,27190
S0188,Ball Valves,Stainless Steel,CS,2 inch,26719
S0189,Gearboxes,Steel,Worm,2 HP,12741
S0189,Gearboxes,Cast Iron,Worm,2 HP,29963
S0189,Steel Brackets,Mild Steel,MS,5 mm,29148
S0190,Industrial Pumps,Stainless Steel,SS316,10 HP,4696
S0190,Gearboxes,Cast Iron,Helical,10 HP,26485
S0191,Hydraulic Cylinders,Stainless Steel,SS304,50 mm,1054
S0191,Hydraulic Cylinders,Steel,MS,100 mm,2119
S0192,Electric Motors,Aluminium,IE2,25 HP,27938
S0193,Hydraulic Cylinders,Steel,SS304,150 mm,18668
S0193,Steel Brackets,Stainless Steel,MS,8 mm,10327
S0193,Steel Brackets,Mild Steel,SS304,3 mm,2040
S0194,Steel Brackets,Mild Steel,SS304,5 mm,2151
S0195,Ball Valves,Carbon Steel,CS,3 inch,13162
S0195,Ball Valves,Carbon Steel,SS316,2 inch,4671
S0196,Hydraulic Cylinders,Steel,MS,100 mm,10253
S0196,Electric Motors,Aluminium,IE2,25 HP,258
S0196,Gearboxes,Cast Iron,Helical,10 HP,10627
S0197,Conveyor Belts,PU,Food Grade,500 mm,21046
S0198,Electric Motors,Aluminium,IE2,5 HP,12846
S0198,Sheet Metal Parts,Stainless Steel,MS,5 mm,16357
S0199,Conveyor Belts,Rubber,Food Grade,500 mm,26388
S0199,Industrial Pumps,Cast Iron,SS304,10 HP,8756
S0199,Ball Valves,Stainless Steel,SS316,1 inch,29295
S0200,Sheet Metal Parts,Mild Steel,SS304,10 mm,5606
S0200,Gearboxes,Cast Iron,Helical,2 HP,11049
S0200,Conveyor Belts,Rubber,Food Grade,1000 mm,18357
S0201,Sheet Metal Parts,Mild Steel,MS,5 mm,325
S0201,Gearboxes,Cast Iron,Worm,10 HP,20682
S0201,Sheet Metal Parts,Mild Steel,MS,2 mm,6981
S0202,Sheet Metal Parts,Stainless Steel,MS,10 mm,18029
S0202,Gearboxes,Cast Iron,Worm,5 HP,12304
S0203,Industrial Pumps,Stainless Steel,CI,20 HP,3368
S0203,Ball Valves,Carbon Steel,CS,2 inch,24987
S0203,Conveyor Belts,Rubber,Food Grade,1000 mm,13917
S0204,Steel Brackets,Stainless Steel,MS,3 mm,5677
S0205,Steel Brackets,Mild Steel,MS,8 mm,26655
S0206,Sheet Metal Parts,Mild Steel,SS304,2 mm,13780
S0206,Steel Brackets,Stainless Steel,SS304,3 mm,18638
S0206,Ball Valves,Carbon Steel,CS,2 inch,28966
S0207,Electric Motors,Cast Iron,IE2,25 HP,20144
S0208,Hydraulic Cylinders,Steel,SS304,100 mm,10389
S0208,Electric Motors,Cast Iron,IE2,5 HP,4603
S0209,Sheet Metal Parts,Mild Steel,SS304,10 mm,16074
S0210,Gearboxes,Cast Iron,Helical,2 HP,6516
S0210,Conveyor Belts,Rubber,Grade A,500 mm,15156
S0210,Industrial Pumps,Cast Iron,CI,5 HP,9177
S0211,Hydraulic Cylinders,Stainless Steel,SS304,50 mm,28723
S0212,Electric Motors,Aluminium,IE3,5 HP,5538
S0213,Industrial Pumps,Stainless Steel,SS316,5 HP,21413
S0213,Steel Brackets,Stainless Steel,SS304,5 mm,20134
S0214,Electric Motors,Cast Iron,IE2,5 HP,16961
S0214,Hydraulic Cylinders,Stainless Steel,SS304,150 mm,3742
S0215,Electric Motors,Aluminium,IE2,25 HP,25283
S0215,Conveyor Belts,Rubber,Food Grade,1000 mm,10672
S0215,Steel Brackets,Stainless Steel,MS,5 mm,8700
S0216,Hydraulic Cylinders,Steel,SS304,150 mm,11947
S0217,Sheet Metal Parts,Mild Steel,SS304,10 mm,26687
S0218,Gearboxes,Steel,Worm,5 HP,19387
S0218,Electric Motors,Cast Iron,IE2,10 HP,1958
S0219,Electric Motors,Cast Iron,IE2,5 HP,4701
S0219,Conveyor Belts,PU,Food Grade,1000 mm,29456
S0219,Sheet Metal Parts,Mild Steel,SS304,10 mm,6109
S0220,Sheet Metal Parts,Stainless Steel,MS,2 mm,19083
S0221,Sheet Metal Parts,Stainless Steel,MS,2 mm,17690
S0221,Conveyor Belts,PU,Grade A,800 mm,25000
S0222,Hydraulic Cylinders,Stainless Steel,MS,50 mm,12768
S0222,Electric Motors,Aluminium,IE2,5 HP,9971
S0222,Electric Motors,Cast Iron,IE3,10 HP,29297
S0223,Conveyor Belts,Rubber,Grade A,500 mm,24254
S0224,Electric Motors,Aluminium,IE2,25 HP,3742
S0224,Industrial Pumps,Stainless Steel,CI,5 HP,13856
S0224,Sheet Metal Parts,Stainless Steel,MS,10 mm,8481
S0225,Ball Valves,Carbon Steel,CS,3 inch,23161
S0225,Steel Brackets,Mild Steel,SS304,8 mm,23752
S0225,Ball Valves,Carbon Steel,SS304,1 inch,16509
S0226,Electric Motors,Aluminium,IE2,25 HP,16464
S0226,Conveyor Belts,PU,Food Grade,500 mm,289
S0227,Ball Valves,Stainless Steel,SS316,3 inch,7774
S0227,Sheet Metal Parts,Stainless Steel,SS304,5 mm,1841
S0227,Ball Valves,Stainless Steel,SS304,2 inch,12003
S0228,Steel Brackets,Mild Steel,MS,5 mm,20575
S0229,Electric Motors,Cast Iron,IE3,10 HP,21461
S0229,Steel Brackets,Stainless Steel,SS304,8 mm,24003
S0230,Sheet Metal Parts,Mild Steel,SS304,5 mm,20232
S0230,Industrial Pumps,Stainless Steel,SS316,10 HP,3900
S0230,Gearboxes,Steel,Helical,2 HP,8772
S0231,Hydraulic Cylinders,Steel,SS304,150 mm,24010
S0231,Conveyor Belts,PU,Food Grade,1000 mm,22360
S0231,Gearboxes,Cast Iron,Helical,2 HP,21282
S0232,Hydraulic Cylinders,Stainless Steel,MS,150 mm,7497
S0233,Ball Valves,Carbon Steel,SS316,2 inch,4089
S0233,Sheet Metal Parts,Mild Steel,MS,5 mm,13711
S0234,Conveyor Belts,PU,Food Grade,800 mm,27243
S0234,Industrial Pumps,Stainless Steel,SS316,10 HP,18555
S0234,Sheet Metal Parts,Stainless Steel,SS304,2 mm,3392
S0235,Hydraulic Cylinders,Steel,MS,50 mm,16335
S0235,Steel Brackets,Mild Steel,SS304,5 mm,20216
S0235,Conveyor Belts,Rubber,Grade A,800 mm,7264
S0236,Ball Valves,Carbon Steel,SS316,3 inch,19510
S0236,Steel Brackets,Mild Steel,SS304,8 mm,24324
S0236,Industrial Pumps,Cast Iron,CI,10 HP,16857
S0237,Gearboxes,Steel,Helical,5 HP,13237
S0237,Hydraulic Cylinders,Stainless Steel,SS304,50 mm,4727
S0237,Gearboxes,Steel,Worm,10 HP,24344
S0238,Steel Brackets,Stainless Steel,MS,8 mm,3981
S0238,Hydraulic Cylinders,Stainless Steel,SS304,150 mm,24706
S0238,Electric Motors,Cast Iron,IE2,25 HP,3688
S0239,Electric Motors,Cast Iron,IE2,5 HP,22829
S0240,Conveyor Belts,PU,Grade A,1000 mm,25900
S0240,Electric Motors,Aluminium,IE3,10 HP,13850
S0240,Hydraulic Cylinders,Steel,MS,150 mm,8435
S0241,Conveyor Belts,Rubber,Food Grade,800 mm,6013
S0241,Ball Valves,Stainless Steel,SS304,3 inch,17037
S0241,Ball Valves,Carbon Steel,SS304,2 inch,9345
S0242,Steel Brackets,Stainless Steel,SS304,5 mm,19758
S0242,Industrial Pumps,Cast Iron,SS316,20 HP,18227
S0243,Steel Brackets,Mild Steel,MS,3 mm,11649
S0243,Conveyor Belts,Rubber,Food Grade,800 mm,12022
S0243,Electric Motors,Aluminium,IE3,25 HP,27190
S0244,Industrial Pumps,Cast Iron,SS316,5 HP,12844
S0245,Sheet Metal Parts,Mild Steel,SS304,10 mm,6508
S0245,Hydraulic Cylinders,Steel,MS,50 mm,25540
S0246,Ball Valves,Stainless Steel,CS,3 inch,28991
S0246,Gearboxes,Cast Iron,Helical,2 HP,15247
S0247,Conveyor Belts,PU,Food Grade,800 mm,14982
S0248,Ball Valves,Stainless Steel,CS,1 inch,11921
S0248,Ball Valves,Carbon Steel,CS,2 inch,20075
S0248,Ball Valves,Carbon Steel,SS316,2 inch,13147
S0249,Steel Brackets,Mild Steel,MS,3 mm,18337
S0249,Steel Brackets,Stainless Steel,SS304,3 mm,18966
S0250,Hydraulic Cylinders,Steel,SS304,150 mm,28100
S0250,Steel Brackets,Stainless Steel,SS304,3 mm,20414
S0250,Electric Motors,Aluminium,IE2,5 HP,22186
S0251,Electric Motors,Aluminium,IE2,25 HP,19224
S0252,Ball Valves,Stainless Steel,SS316,2 inch,14966
S0252,Hydraulic Cylinders,Stainless Steel,MS,150 mm,18774
S0252,Hydraulic Cylinders,Stainless Steel,SS304,50 mm,358
S0253,Hydraulic Cylinders,Stainless Steel,SS304,100 mm,11955
S0254,Conveyor Belts,PU,Grade A,1000 mm,2670
S0255,Electric Motors,Cast Iron,IE2,10 HP,13061
S0255,Conveyor Belts,PU,Grade A,800 mm,16620
S0255,Ball Valves,Carbon Steel,SS316,3 inch,547
S0256,Steel Brackets,Mild Steel,MS,3 mm,7370
S0256,Sheet Metal Parts,Mild Steel,MS,5 mm,12305
S0256,Conveyor Belts,Rubber,Grade A,1000 mm,29944
S0257,Ball Valves,Carbon Steel,CS,2 inch,19160
S0257,Steel Brackets,Mild Steel,MS,5 mm,19457
S0258,Sheet Metal Parts,Mild Steel,MS,5 mm,5626
S0258,Conveyor Belts,Rubber,Food Grade,500 mm,5123
S0259,Hydraulic Cylinders,Steel,SS304,150 mm,15889
S0259,Sheet Metal Parts,Mild Steel,MS,10 mm,27507
S0260,Industrial Pumps,Stainless Steel,SS304,5 HP,8662
S0260,Steel Brackets,Mild Steel,SS304,8 mm,24054
S0260,Electric Motors,Aluminium,IE2,10 HP,20074
S0261,Electric Motors,Aluminium,IE3,10 HP,19747
S0262,Gearboxes,Cast Iron,Helical,2 HP,15793
S0262,Industrial Pumps,Stainless Steel,SS304,10 HP,21806
S0262,Steel Brackets,Stainless Steel,MS,8 mm,13984
S0263,Hydraulic Cylinders,Steel,SS304,50 mm,8540
S0263,Sheet Metal Parts,Mild Steel,MS,5 mm,19804
S0264,Ball Valves,Stainless Steel,SS316,3 inch,6931
S0264,Hydraulic Cylinders,Stainless Steel,SS304,50 mm,5271
S0264,Gearboxes,Steel,Worm,10 HP,14079
S0265,Sheet Metal Parts,Mild Steel,SS304,10 mm,18383
S0265,Sheet Metal Parts,Stainless Steel,SS304,10 mm,11483
S0265,Gearboxes,Cast Iron,Helical,10 HP,7729
S0266,Industrial Pumps,Stainless Steel,SS316,20 HP,373
S0266,Ball Valves,Stainless Steel,SS316,3 inch,14466
S0266,Ball Valves,Stainless Steel,SS316,1 inch,12351
S0267,Industrial Pumps,Stainless Steel,CI,10 HP,14584
S0267,Industrial Pumps,Stainless Steel,CI,20 HP,9571
S0267,Conveyor Belts,Rubber,Grade A,1000 mm,5753
S0268,Hydraulic Cylinders,Stainless Steel,SS304,150 mm,6763
S0268,Industrial Pumps,Stainless Steel,SS304,20 HP,9522
S0269,Gearboxes,Cast Iron,Worm,2 HP,13540
S0269,Ball Valves,Stainless Steel,CS,2 inch,11340
S0270,Sheet Metal Parts,Mild Steel,SS304,5 mm,22534
S0270,Sheet Metal Parts,Mild Steel,SS304,2 mm,8648
S0271,Industrial Pumps,Cast Iron,SS304,10 HP,3247
S0271,Gearboxes,Steel,Helical,10 HP,6048
S0272,Conveyor Belts,PU,Grade A,500 mm,24298
S0272,Conveyor Belts,PU,Grade A,500 mm,6844
S0272,Conveyor Belts,PU,Grade A,500 mm,4128
S0273,Hydraulic Cylinders,Stainless Steel,SS304,100 mm,6192
S0273,Electric Motors,Cast Iron,IE2,25 HP,4402
S0274,Sheet Metal Parts,Mild Steel,SS304,5 mm,22784
S0275,Steel Brackets,Mild Steel,SS304,5 mm,15645
S0275,Hydraulic Cylinders,Stainless Steel,MS,100 mm,14091
S0276,Steel Brackets,Stainless Steel,SS304,8 mm,9045
S0276,Conveyor Belts,PU,Food Grade,500 mm,4979
S0276,Steel Brackets,Mild Steel,SS304,3 mm,14012
S0277,Industrial Pumps,Cast Iron,SS304,20 HP,5552
S0277,Industrial Pumps,Stainless Steel,SS316,10 HP,27691
S0278,Industrial Pumps,Cast Iron,SS304,10 HP,28621
S0278,Conveyor Belts,Rubber,Food Grade,800 mm,10852
S0279,Steel Brackets,Mild Steel,MS,8 mm,20264
S0280,Electric Motors,Cast Iron,IE3,10 HP,29287
S0280,Sheet Metal Parts,Stainless Steel,SS304,5 mm,5682
S0280,Steel Brackets,Stainless Steel,SS304,8 mm,7888
S0281,Industrial Pumps,Stainless Steel,SS316,20 HP,25267
S0281,Ball Valves,Stainless Steel,SS316,3 inch,5288
S0281,Ball Valves,Carbon Steel,SS316,1 inch,8306
S0282,Hydraulic Cylinders,Stainless Steel,SS304,100 mm,28737
S0282,Electric Motors,Cast Iron,IE2,25 HP,17871
S0282,Steel Brackets,Mild Steel,MS,8 mm,21164
S0283,Hydraulic Cylinders,Stainless Steel,SS304,50 mm,10147
S0283,Industrial Pumps,Stainless Steel,CI,5 HP,11468
S0284,Electric Motors,Aluminium,IE3,10 HP,19762
S0284,Conveyor Belts,Rubber,Food Grade,500 mm,13691
S0285,Conveyor Belts,PU,Grade A,800 mm,20690
S0285,Conveyor Belts,PU,Food Grade,1000 mm,24544
S0286,Sheet Metal Parts,Stainless Steel,SS304,10 mm,20606
S0287,Ball Valves,Carbon Steel,SS316,1 inch,23635
S0288,Electric Motors,Cast Iron,IE3,10 HP,23037
S0288,Industrial Pumps,Cast Iron,SS304,5 HP,2036
S0289,Industrial Pumps,Stainless Steel,CI,5 HP,12809
S0289,Sheet Metal Parts,Mild Steel,MS,2 mm,15300
S0290,Industrial Pumps,Stainless Steel,SS316,10 HP,21123
S0291,Gearboxes,Steel,Helical,2 HP,26230
S0292,Sheet Metal Parts,Mild Steel,SS304,2 mm,8350
S0292,Steel Brackets,Mild Steel,SS304,8 mm,20471
S0292,Hydraulic Cylinders,Steel,MS,100 mm,21321
S0293,Sheet Metal Parts,Mild Steel,MS,10 mm,12578
S0293,Hydraulic Cylinders,Steel,SS304,50 mm,16102
S0294,Hydraulic Cylinders,Stainless Steel,SS304,150 mm,28398
S0294,Steel Brackets,Stainless Steel,SS304,5 mm,9888
S0295,Industrial Pumps,Cast Iron,CI,5 HP,10708
S0296,Electric Motors,Cast Iron,IE3,25 HP,10752
S0296,Ball Valves,Stainless Steel,CS,3 inch,2384
S0296,Industrial Pumps,Stainless Steel,SS304,5 HP,6821
S0297,Sheet Metal Parts,Stainless Steel,MS,5 mm,7432
S0297,Ball Valves,Stainless Steel,SS304,3 inch,16302
S0297,Ball Valves,Carbon Steel,CS,1 inch,12026
S0298,Industrial Pumps,Stainless Steel,SS316,5 HP,7274
S0298,Ball Valves,Stainless Steel,CS,1 inch,17621
S0298,Gearboxes,Cast Iron,Helical,10 HP,21724
S0299,Hydraulic Cylinders,Stainless Steel,SS304,50 mm,5666
S0299,Steel Brackets,Mild Steel,MS,8 mm,5383
S0299,Sheet Metal Parts,Stainless Steel,SS304,10 mm,10838
S0300,Conveyor Belts,PU,Food Grade,800 mm,15024
S0300,Sheet Metal Parts,Stainless Steel,MS,10 mm,1335
S0300,Electric Motors,Aluminium,IE2,10 HP,415
S0301,Steel Brackets,Stainless Steel,SS304,5 mm,11854
S0301,Steel Brackets,Stainless Steel,MS,5 mm,29351
S0302,Conveyor Belts,Rubber,Food Grade,800 mm,5865
S0302,Sheet Metal Parts,Mild Steel,SS304,2 mm,24146
S0302,Gearboxes,Cast Iron,Helical,5 HP,11600
S0303,Gearboxes,Cast Iron,Worm,10 HP,1549
S0304,Gearboxes,Steel,Helical,2 HP,14353
S0304,Electric Motors,Cast Iron,IE2,5 HP,11215
S0304,Ball Valves,Carbon Steel,CS,3 inch,1815
S0305,Steel Brackets,Mild Steel,SS304,5 mm,13153
S0306,Electric Motors,Cast Iron,IE3,25 HP,19074
S0307,Industrial Pumps,Cast Iron,SS304,10 HP,20392
S0307,Sheet Metal Parts,Mild Steel,SS304,2 mm,27009
S0307,Conveyor Belts,Rubber,Food Grade,500 mm,25029
S0308,Hydraulic Cylinders,Steel,SS304,100 mm,15639
S0309,Sheet Metal Parts,Mild Steel,MS,5 mm,19303
S0309,Industrial Pumps,Cast Iron,SS304,5 HP,9506
S0310,Electric Motors,Cast Iron,IE2,5 HP,9784
S0310,Gearboxes,Cast Iron,Worm,10 HP,23455
S0310,Ball Valves,Carbon Steel,SS316,3 inch,17618
S0311,Industrial Pumps,Stainless Steel,CI,10 HP,11130
S0312,Conveyor Belts,PU,Grade A,1000 mm,8643
S0312,Gearboxes,Cast Iron,Worm,2 HP,5171
S0313,Conveyor Belts,PU,Grade A,1000 mm,5205
S0313,Gearboxes,Steel,Worm,5 HP,17967
S0313,Steel Brackets,Stainless Steel,SS304,8 mm,17939
S0314,Steel Brackets,Stainless Steel,MS,3 mm,18462
S0314,Ball Valves,Stainless Steel,SS316,1 inch,24024
S0315,Electric Motors,Aluminium,IE2,5 HP,4510
S0315,Steel Brackets,Stainless Steel,MS,8 mm,18780
S0315,Conveyor Belts,Rubber,Grade A,1000 mm,1054
S0316,Hydraulic Cylinders,Steel,SS304,100 mm,15727
S0316,Steel Brackets,Stainless Steel,SS304,3 mm,1256
S0316,Gearboxes,Cast Iron,Worm,5 HP,7492
S0317,Hydraulic Cylinders,Stainless Steel,MS,100 mm,13466
S0317,Industrial Pumps,Cast Iron,CI,10 HP,13115
S0318,Gearboxes,Cast Iron,Worm,10 HP,25272
S0319,Steel Brackets,Mild Steel,MS,8 mm,1987
S0319,Steel Brackets,Mild Steel,MS,3 mm,23879
S0320,Gearboxes,Steel,Worm,5 HP,1016
S0321,Hydraulic Cylinders,Steel,MS,50 mm,3940
S0321,Sheet Metal Parts,Stainless Steel,MS,10 mm,23376
S0322,Steel Brackets,Stainless Steel,SS304,3 mm,25403
S0322,Industrial Pumps,Cast Iron,SS316,10 HP,24125
S0322,Sheet Metal Parts,Stainless Steel,MS,2 mm,29643
S0323,Industrial Pumps,Cast Iron,SS304,5 HP,19495
S0323,Sheet Metal Parts,Stainless Steel,SS304,5 mm,2801
S0324,Steel Brackets,Stainless Steel,SS304,8 mm,11636
S0325,Industrial Pumps,Stainless Steel,SS316,5 HP,5486
S0326,Hydraulic Cylinders,Stainless Steel,SS304,50 mm,25052
S0326,Gearboxes,Cast Iron,Worm,5 HP,4608
S0327,Industrial Pumps,Stainless Steel,CI,20 HP,20810
S0327,Ball Valves,Carbon Steel,CS,3 inch,20017
S0327,Electric Motors,Cast Iron,IE3,10 HP,17416
S0328,Sheet Metal Parts,Mild Steel,MS,10 mm,9718
S0328,Conveyor Belts,Rubber,Grade A,500 mm,15433
S0329,Industrial Pumps,Stainless Steel,CI,10 HP,8536
S0330,Hydraulic Cylinders,Stainless Steel,SS304,150 mm,18842
S0330,Industrial Pumps,Stainless Steel,SS304,10 HP,27522
S0330,Hydraulic Cylinders,Stainless Steel,SS304,50 mm,21356
S0331,Gearboxes,Cast Iron,Worm,10 HP,23955
S0331,Hydraulic Cylinders,Steel,MS,150 mm,22662
S0332,Steel Brackets,Mild Steel,SS304,8 mm,4028
S0332,Electric Motors,Cast Iron,IE2,10 HP,13761
S0332,Ball Valves,Carbon Steel,SS304,2 inch,15008
S0333,Ball Valves,Carbon Steel,CS,1 inch,26382
S0334,Hydraulic Cylinders,Steel,MS,150 mm,22374
S0334,Steel Brackets,Stainless Steel,SS304,5 mm,12900
S0335,Hydraulic Cylinders,Stainless Steel,MS,50 mm,17258
S0336,Conveyor Belts,PU,Food Grade,1000 mm,10657
S0337,Ball Valves,Stainless Steel,CS,2 inch,18201
S0337,Hydraulic Cylinders,Stainless Steel,MS,150 mm,26545
S0337,Electric Motors,Aluminium,IE2,5 HP,10403
S0338,Ball Valves,Carbon Steel,SS304,1 inch,14174
S0339,Electric Motors,Cast Iron,IE2,25 HP,25051
S0339,Ball Valves,Carbon Steel,CS,1 inch,3244
S0340,Conveyor Belts,Rubber,Grade A,1000 mm,8655
S0340,Hydraulic Cylinders,Stainless Steel,MS,150 mm,21996
S0341,Sheet Metal Parts,Mild Steel,SS304,5 mm,20006
S0341,Steel Brackets,Stainless Steel,MS,8 mm,26308
S0342,Gearboxes,Cast Iron,Helical,10 HP,5410
S0342,Sheet Metal Parts,Stainless Steel,MS,5 mm,7023
S0343,Ball Valves,Carbon Steel,SS304,3 inch,19732
S0344,Ball Valves,Carbon Steel,SS316,2 inch,21335
S0345,Industrial Pumps,Stainless Steel,CI,5 HP,15043
S0345,Electric Motors,Cast Iron,IE3,5 HP,6939
S0345,Hydraulic Cylinders,Stainless Steel,SS304,100 mm,23720
S0346,Industrial Pumps,Cast Iron,CI,5 HP,227
S0346,Hydraulic Cylinders,Steel,SS304,50 mm,7908
S0347,Steel Brackets,Mild Steel,SS304,3 mm,18400
S0348,Industrial Pumps,Stainless Steel,CI,5 HP,4918
S0349,Gearboxes,Cast Iron,Worm,10 HP,14097
S0349,Sheet Metal Parts,Stainless Steel,SS304,2 mm,6288
S0349,Gearboxes,Cast Iron,Worm,10 HP,7957
S0350,Sheet Metal Parts,Stainless Steel,MS,10 mm,15978
S0350,Ball Valves,Stainless Steel,CS,3 inch,17449
S0350,Electric Motors,Cast Iron,IE2,25 HP,29360
S0351,Electric Motors,Aluminium,IE3,25 HP,25710
S0352,Hydraulic Cylinders,Stainless Steel,SS304,50 mm,1357
S0352,Electric Motors,Cast Iron,IE2,25 HP,15704
S0353,Industrial Pumps,Cast Iron,SS316,5 HP,4355
S0353,Ball Valves,Carbon Steel,SS316,1 inch,20378
S0353,Electric Motors,Cast Iron,IE3,5 HP,24495
S0354,Conveyor Belts,PU,Grade A,1000 mm,28446
S0354,Industrial Pumps,Cast Iron,SS304,5 HP,19714
S0355,Steel Brackets,Stainless Steel,MS,3 mm,21245
S0355,Electric Motors,Aluminium,IE2,5 HP,15404
S0355,Gearboxes,Steel,Worm,5 HP,24649
S0356,Gearboxes,Cast Iron,Worm,5 HP,12717
S0356,Hydraulic Cylinders,Steel,MS,150 mm,21087
S0356,Hydraulic Cylinders,Stainless Steel,SS304,100 mm,9058
S0357,Conveyor Belts,Rubber,Food Grade,1000 mm,22819
S0357,Steel Brackets,Mild Steel,SS304,8 mm,477
S0357,Ball Valves,Stainless Steel,SS316,1 inch,17411
S0358,Ball Valves,Stainless Steel,CS,3 inch,29493
S0359,Steel Brackets,Stainless Steel,SS304,5 mm,9852
S0359,Sheet Metal Parts,Mild Steel,SS304,5 mm,25410
S0359,Gearboxes,Steel,Worm,2 HP,25783
S0360,Steel Brackets,Mild Steel,SS304,5 mm,6775
S0360,Gearboxes,Cast Iron,Worm,2 HP,4914
S0361,Ball Valves,Stainless Steel,SS304,1 inch,18921
S0361,Electric Motors,Cast Iron,IE2,10 HP,5077
S0362,Industrial Pumps,Cast Iron,SS316,10 HP,13435
S0362,Ball Valves,Stainless Steel,SS304,2 inch,22785
S0362,Sheet Metal Parts,Mild Steel,SS304,5 mm,22542
S0363,Hydraulic Cylinders,Steel,SS304,100 mm,21426
S0363,Conveyor Belts,Rubber,Grade A,800 mm,21850
S0363,Conveyor Belts,PU,Food Grade,500 mm,20864
S0364,Industrial Pumps,Stainless Steel,SS316,10 HP,2264
S0365,Hydraulic Cylinders,Steel,SS304,150 mm,1602
S0366,Steel Brackets,Stainless Steel,SS304,3 mm,24299
S0366,Steel Brackets,Mild Steel,SS304,5 mm,29926
S0366,Industrial Pumps,Stainless Steel,CI,20 HP,4477
S0367,Ball Valves,Stainless Steel,SS304,2 inch,19696
S0368,Gearboxes,Steel,Helical,10 HP,19073
S0368,Steel Brackets,Mild Steel,SS304,3 mm,19634
S0368,Steel Brackets,Mild Steel,SS304,3 mm,9174
S0369,Industrial Pumps,Stainless Steel,SS304,20 HP,20268
S0369,Gearboxes,Cast Iron,Helical,5 HP,2845
S0369,Industrial Pumps,Stainless Steel,SS304,5 HP,23358
S0370,Conveyor Belts,Rubber,Food Grade,1000 mm,14959
S0371,Ball Valves,Carbon Steel,SS316,2 inch,349
S0371,Conveyor Belts,Rubber,Grade A,1000 mm,3335
S0372,Electric Motors,Aluminium,IE2,5 HP,26303
S0373,Hydraulic Cylinders,Stainless Steel,MS,100 mm,8437
S0373,Hydraulic Cylinders,Stainless Steel,MS,50 mm,24461
S0373,Industrial Pumps,Stainless Steel,SS304,5 HP,16094
S0374,Conveyor Belts,PU,Grade A,500 mm,10886
S0374,Conveyor Belts,Rubber,Grade A,1000 mm,13719
S0375,Conveyor Belts,PU,Grade A,800 mm,12438
S0376,Industrial Pumps,Stainless Steel,SS316,5 HP,3840
S0377,Steel Brackets,Stainless Steel,SS304,3 mm,13690
S0377,Sheet Metal Parts,Mild Steel,SS304,5 mm,9347
S0377,Industrial Pumps,Cast Iron,CI,5 HP,8320
S0378,Industrial Pumps,Cast Iron,SS304,5 HP,15622
S0378,Industrial Pumps,Cast Iron,CI,10 HP,15904
S0378,Ball Valves,Carbon Steel,SS316,1 inch,2922
S0379,Industrial Pumps,Cast Iron,CI,10 HP,5501
S0380,Hydraulic Cylinders,Stainless Steel,MS,150 mm,2516
S0381,Conveyor Belts,Rubber,Food Grade,1000 mm,1996
S0381,Hydraulic Cylinders,Steel,MS,100 mm,12179
S0381,Sheet Metal Parts,Mild Steel,SS304,5 mm,5943
S0382,Ball Valves,Carbon Steel,CS,3 inch,28745
S0383,Industrial Pumps,Stainless Steel,SS316,10 HP,15024
S0383,Sheet Metal Parts,Mild Steel,SS304,10 mm,17629
S0384,Conveyor Belts,PU,Grade A,500 mm,13001
S0385,Steel Brackets,Stainless Steel,SS304,5 mm,13849
S0385,Steel Brackets,Mild Steel,MS,5 mm,14744
S0386,Hydraulic Cylinders,Stainless Steel,SS304,150 mm,21369
S0386,Hydraulic Cylinders,Stainless Steel,SS304,100 mm,10164
S0386,Steel Brackets,Mild Steel,SS304,5 mm,7631
S0387,Steel Brackets,Stainless Steel,MS,3 mm,5946
S0387,Steel Brackets,Stainless Steel,SS304,3 mm,1548
S0388,Hydraulic Cylinders,Stainless Steel,MS,100 mm,14894
S0389,Sheet Metal Parts,Stainless Steel,MS,2 mm,24399
S0390,Steel Brackets,Mild Steel,MS,8 mm,3880
S0390,Sheet Metal Parts,Mild Steel,MS,10 mm,18253
S0390,Ball Valves,Carbon Steel,SS304,2 inch,20434
S0391,Conveyor Belts,PU,Grade A,500 mm,2939
S0391,Sheet Metal Parts,Mild Steel,SS304,2 mm,16271
S0391,Hydraulic Cylinders,Steel,SS304,100 mm,5047
S0392,Ball Valves,Stainless Steel,CS,2 inch,24498
S0392,Gearboxes,Steel,Worm,2 HP,26600
S0393,Sheet Metal Parts,Stainless Steel,MS,10 mm,24976
S0393,Gearboxes,Cast Iron,Helical,5 HP,21132
S0394,Steel Brackets,Mild Steel,MS,8 mm,16275
S0395,Industrial Pumps,Stainless Steel,SS316,10 HP,21189
S0396,Industrial Pumps,Stainless Steel,SS316,10 HP,2386
S0397,Sheet Metal Parts,Mild Steel,SS304,10 mm,24217
S0397,Industrial Pumps,Cast Iron,SS304,20 HP,2117
S0397,Steel Brackets,Mild Steel,MS,8 mm,4639
S0398,Electric Motors,Cast Iron,IE2,25 HP,6550
S0399,Electric Motors,Cast Iron,IE2,25 HP,19206
S0399,Hydraulic Cylinders,Steel,MS,50 mm,17179
S0400,Steel Brackets,Stainless Steel,SS304,8 mm,20300
S0401,Sheet Metal Parts,Stainless Steel,SS304,10 mm,12080
S0402,Ball Valves,Stainless Steel,SS304,3 inch,4864
S0403,Ball Valves,Stainless Steel,SS316,2 inch,1593
S0404,Electric Motors,Aluminium,IE2,10 HP,22075
S0405,Hydraulic Cylinders,Steel,MS,50 mm,27917
S0405,Electric Motors,Cast Iron,IE3,5 HP,28221
S0405,Conveyor Belts,Rubber,Grade A,1000 mm,25209
S0406,Ball Valves,Stainless Steel,CS,3 inch,15755
S0406,Hydraulic Cylinders,Steel,SS304,150 mm,3716
S0406,Steel Brackets,Mild Steel,MS,5 mm,7221
S0407,Steel Brackets,Mild Steel,MS,8 mm,9646
S0408,Electric Motors,Cast Iron,IE2,25 HP,13545
S0408,Electric Motors,Cast Iron,IE2,5 HP,29519
S0408,Sheet Metal Parts,Stainless Steel,MS,2 mm,22290
S0409,Gearboxes,Steel,Helical,10 HP,29443
S0410,Conveyor Belts,PU,Food Grade,800 mm,25261
S0411,Electric Motors,Aluminium,IE3,5 HP,4203
S0411,Electric Motors,Cast Iron,IE3,5 HP,20790
S0412,Steel Brackets,Mild Steel,MS,3 mm,10120
S0413,Electric Motors,Cast Iron,IE3,25 HP,8774
S0414,Gearboxes,Steel,Worm,5 HP,14701
S0415,Steel Brackets,Mild Steel,MS,3 mm,10438
S0415,Gearboxes,Steel,Helical,10 HP,22319
S0415,Sheet Metal Parts,Stainless Steel,SS304,10 mm,28195
S0416,Hydraulic Cylinders,Stainless Steel,SS304,50 mm,1122
S0416,Industrial Pumps,Stainless Steel,SS316,10 HP,26727
S0416,Industrial Pumps,Cast Iron,SS316,5 HP,14229
S0417,Electric Motors,Aluminium,IE2,10 HP,3950
S0417,Hydraulic Cylinders,Steel,MS,150 mm,10886
S0417,Industrial Pumps,Cast Iron,CI,10 HP,18813
S0418,Gearboxes,Steel,Helical,5 HP,3478
S0418,Conveyor Belts,PU,Food Grade,1000 mm,26789
S0419,Conveyor Belts,PU,Food Grade,500 mm,9942
S0420,Hydraulic Cylinders,Stainless Steel,MS,150 mm,26453
S0421,Electric Motors,Cast Iron,IE3,5 HP,13776
S0421,Gearboxes,Steel,Worm,10 HP,25216
S0421,Steel Brackets,Stainless Steel,SS304,8 mm,16557
S0422,Industrial Pumps,Stainless Steel,SS316,10 HP,5041
S0422,Conveyor Belts,Rubber,Food Grade,800 mm,13643
S0423,Electric Motors,Aluminium,IE3,5 HP,3921
S0424,Gearboxes,Steel,Helical,2 HP,5421
S0424,Electric Motors,Aluminium,IE2,10 HP,26075
S0424,Electric Motors,Aluminium,IE2,25 HP,16120
S0425,Ball Valves,Carbon Steel,CS,1 inch,7934
S0425,Ball Valves,Stainless Steel,CS,3 inch,27364
S0426,Gearboxes,Cast Iron,Worm,2 HP,4927
S0426,Ball Valves,Stainless Steel,SS304,2 inch,14600
S0427,Gearboxes,Steel,Helical,5 HP,29017
S0427,Steel Brackets,Mild Steel,MS,8 mm,12250
S0428,Conveyor Belts,PU,Food Grade,800 mm,21137
S0428,Hydraulic Cylinders,Steel,MS,100 mm,12929
S0428,Industrial Pumps,Cast Iron,SS316,10 HP,3157
S0429,Gearboxes,Cast Iron,Worm,2 HP,27174
S0429,Sheet Metal Parts,Stainless Steel,SS304,5 mm,23707
S0430,Hydraulic Cylinders,Stainless Steel,MS,50 mm,21216
S0430,Steel Brackets,Mild Steel,SS304,3 mm,13328
S0430,Conveyor Belts,PU,Food Grade,1000 mm,2894
S0431,Gearboxes,Steel,Worm,5 HP,28823
S0432,Ball Valves,Carbon Steel,SS316,1 inch,13094
S0433,Ball Valves,Carbon Steel,SS304,2 inch,23178
S0434,Steel Brackets,Stainless Steel,SS304,8 mm,17430
S0434,Gearboxes,Steel,Worm,2 HP,7555
S0435,Conveyor Belts,PU,Grade A,800 mm,6110
S0436,Hydraulic Cylinders,Stainless Steel,MS,50 mm,15564
S0437,Electric Motors,Aluminium,IE2,25 HP,2125
S0437,Industrial Pumps,Cast Iron,SS304,10 HP,29960
S0437,Hydraulic Cylinders,Steel,MS,100 mm,16732
S0438,Steel Brackets,Mild Steel,SS304,8 mm,16349
S0439,Ball Valves,Carbon Steel,SS304,1 inch,16558
S0439,Electric Motors,Cast Iron,IE3,10 HP,29782
S0440,Steel Brackets,Mild Steel,SS304,3 mm,5070
S0440,Industrial Pumps,Stainless Steel,SS304,5 HP,15609
S0441,Sheet Metal Parts,Stainless Steel,SS304,5 mm,16354
S0442,Electric Motors,Aluminium,IE2,25 HP,25328
S0443,Industrial Pumps,Cast Iron,CI,20 HP,4197
S0443,Gearboxes,Steel,Helical,5 HP,5238
S0444,Industrial Pumps,Cast Iron,SS304,20 HP,20593
S0444,Sheet Metal Parts,Stainless Steel,MS,2 mm,28487
S0445,Ball Valves,Carbon Steel,SS316,1 inch,8066
S0445,Gearboxes,Cast Iron,Helical,2 HP,5539
S0446,Sheet Metal Parts,Stainless Steel,SS304,10 mm,19975
S0446,Steel Brackets,Mild Steel,SS304,5 mm,16998
S0447,Gearboxes,Steel,Helical,5 HP,20866
S0448,Steel Brackets,Mild Steel,SS304,5 mm,15542
S0448,Gearboxes,Cast Iron,Worm,5 HP,5069
S0448,Steel Brackets,Mild Steel,SS304,8 mm,14215
S0449,Gearboxes,Cast Iron,Worm,10 HP,23803
S0449,Electric Motors,Cast Iron,IE3,25 HP,2879
S0450,Industrial Pumps,Stainless Steel,SS316,20 HP,9953
S0450,Hydraulic Cylinders,Stainless Steel,SS304,150 mm,26671
S0451,Ball Valves,Carbon Steel,CS,1 inch,391
S0451,Gearboxes,Cast Iron,Helical,2 HP,21689
S0452,Electric Motors,Cast Iron,IE3,10 HP,3071
S0452,Steel Brackets,Stainless Steel,SS304,3 mm,3867
S0453,Conveyor Belts,Rubber,Food Grade,800 mm,5055
S0453,Sheet Metal Parts,Stainless Steel,MS,2 mm,5642
S0454,Electric Motors,Cast Iron,IE2,10 HP,458
S0455,Electric Motors,Aluminium,IE3,10 HP,16128
S0455,Sheet Metal Parts,Mild Steel,MS,10 mm,823
S0455,Gearboxes,Steel,Helical,5 HP,29457
S0456,Gearboxes,Cast Iron,Helical,5 HP,23996
S0456,Conveyor Belts,PU,Food Grade,800 mm,7805
S0456,Conveyor Belts,PU,Food Grade,500 mm,29139
S0457,Steel Brackets,Stainless Steel,MS,8 mm,24751
S0457,Ball Valves,Carbon Steel,SS304,1 inch,6736
S0458,Conveyor Belts,Rubber,Grade A,800 mm,29065
S0459,Hydraulic Cylinders,Stainless Steel,MS,150 mm,7628
S0460,Electric Motors,Aluminium,IE2,25 HP,1852
S0461,Industrial Pumps,Stainless Steel,SS304,20 HP,4068
S0461,Conveyor Belts,PU,Grade A,1000 mm,9772
S0461,Sheet Metal Parts,Stainless Steel,MS,2 mm,21403
S0462,Conveyor Belts,PU,Food Grade,800 mm,16748
S0463,Conveyor Belts,Rubber,Food Grade,500 mm,4721
S0463,Gearboxes,Steel,Worm,5 HP,28131
S0463,Hydraulic Cylinders,Steel,SS304,50 mm,25436
S0464,Industrial Pumps,Cast Iron,SS304,20 HP,21219
S0464,Steel Brackets,Stainless Steel,MS,5 mm,13372
S0465,Steel Brackets,Mild Steel,MS,8 mm,6921
S0465,Sheet Metal Parts,Stainless Steel,SS304,2 mm,29067
S0465,Electric Motors,Aluminium,IE2,25 HP,11160
S0466,Hydraulic Cylinders,Steel,MS,50 mm,29373
S0466,Electric Motors,Aluminium,IE3,25 HP,14052
S0467,Industrial Pumps,Stainless Steel,SS316,10 HP,18957
S0468,Conveyor Belts,PU,Food Grade,800 mm,22053
S0468,Steel Brackets,Mild Steel,SS304,3 mm,10942
S0468,Conveyor Belts,PU,Food Grade,500 mm,5002
S0469,Sheet Metal Parts,Mild Steel,SS304,10 mm,17444
S0470,Sheet Metal Parts,Stainless Steel,MS,2 mm,16773
S0470,Steel Brackets,Mild Steel,MS,3 mm,23285
S0470,Ball Valves,Stainless Steel,SS316,2 inch,1268
S0471,Electric Motors,Aluminium,IE2,5 HP,12372
S0471,Electric Motors,Cast Iron,IE3,10 HP,16122
S0471,Industrial Pumps,Stainless Steel,SS304,20 HP,14020
S0472,Hydraulic Cylinders,Steel,MS,100 mm,15967
S0473,Steel Brackets,Stainless Steel,MS,5 mm,22063
S0473,Sheet Metal Parts,Mild Steel,SS304,2 mm,26408
S0473,Gearboxes,Steel,Helical,5 HP,11308
S0474,Industrial Pumps,Cast Iron,CI,20 HP,4256
S0474,Ball Valves,Stainless Steel,CS,3 inch,19102
S0474,Industrial Pumps,Stainless Steel,SS316,20 HP,29588
S0475,Sheet Metal Parts,Mild Steel,SS304,5 mm,19496
S0476,Gearboxes,Steel,Helical,2 HP,3454
S0476,Steel Brackets,Mild Steel,SS304,3 mm,8574
S0477,Industrial Pumps,Stainless Steel,SS316,10 HP,3435
S0478,Conveyor Belts,Rubber,Grade A,800 mm,16866
S0479,Sheet Metal Parts,Mild Steel,SS304,10 mm,7859
S0480,Steel Brackets,Mild Steel,MS,5 mm,2949
S0480,Conveyor Belts,Rubber,Food Grade,1000 mm,5711
S0480,Conveyor Belts,PU,Food Grade,500 mm,232
S0481,Electric Motors,Cast Iron,IE3,25 HP,7171
S0481,Electric Motors,Aluminium,IE2,25 HP,17701
S0481,Ball Valves,Carbon Steel,SS304,2 inch,23086
S0482,Hydraulic Cylinders,Stainless Steel,SS304,100 mm,8258
S0482,Hydraulic Cylinders,Stainless Steel,MS,100 mm,19844
S0483,Steel Brackets,Mild Steel,MS,5 mm,17833
S0484,Ball Valves,Carbon Steel,SS316,3 inch,11929
S0484,Gearboxes,Cast Iron,Helical,2 HP,15361
S0484,Hydraulic Cylinders,Steel,SS304,50 mm,7458
S0485,Conveyor Belts,Rubber,Food Grade,800 mm,1405
S0485,Electric Motors,Cast Iron,IE2,5 HP,6625
S0485,Gearboxes,Cast Iron,Worm,10 HP,16594
S0486,Steel Brackets,Stainless Steel,SS304,8 mm,2331
S0486,Steel Brackets,Mild Steel,SS304,8 mm,24084
S0486,Electric Motors,Aluminium,IE2,25 HP,22408
S0487,Industrial Pumps,Cast Iron,SS316,10 HP,9179
S0487,Ball Valves,Carbon Steel,SS316,2 inch,17149
S0487,Industrial Pumps,Stainless Steel,SS304,10 HP,13964
S0488,Conveyor Belts,PU,Grade A,500 mm,6651
S0489,Industrial Pumps,Cast Iron,SS316,5 HP,3733
S0489,Sheet Metal Parts,Mild Steel,SS304,2 mm,27123
S0490,Sheet Metal Parts,Mild Steel,MS,2 mm,1292
S0490,Gearboxes,Steel,Helical,2 HP,2231
S0490,Sheet Metal Parts,Mild Steel,SS304,10 mm,20718
S0491,Ball Valves,Carbon Steel,SS304,3 inch,26003
S0491,Industrial Pumps,Cast Iron,SS316,10 HP,26255
S0492,Hydraulic Cylinders,Steel,MS,50 mm,602
S0492,Ball Valves,Stainless Steel,CS,1 inch,21085
S0492,Electric Motors,Cast Iron,IE3,10 HP,23944
S0493,Gearboxes,Steel,Worm,10 HP,29206
S0493,Steel Brackets,Stainless Steel,MS,5 mm,19969
S0494,Conveyor Belts,Rubber,Food Grade,800 mm,6603
S0495,Hydraulic Cylinders,Stainless Steel,SS304,100 mm,10968
S0495,Steel Brackets,Stainless Steel,MS,3 mm,16450
S0496,Hydraulic Cylinders,Stainless Steel,MS,100 mm,6237
S0496,Industrial Pumps,Cast Iron,SS304,5 HP,11927
S0497,Industrial Pumps,Stainless Steel,SS304,5 HP,9509
S0497,Steel Brackets,Stainless Steel,MS,8 mm,5910
S0498,Steel Brackets,Mild Steel,SS304,5 mm,7089
S0499,Gearboxes,Cast Iron,Helical,2 HP,29125
S0499,Steel Brackets,Stainless Steel,SS304,8 mm,12592
S0499,Hydraulic Cylinders,Stainless Steel,SS304,150 mm,8213
S0500,Electric Motors,Aluminium,IE3,5 HP,24032
S0500,Ball Valves,Carbon Steel,CS,3 inch,2325
S0500,Steel Brackets,Mild Steel,MS,5 mm,17203
S0501,Sheet Metal Parts,Stainless Steel,SS304,10 mm,26107
S0501,Industrial Pumps,Stainless Steel,SS304,5 HP,15013
S0502,Electric Motors,Aluminium,IE2,5 HP,9868
S0502,Sheet Metal Parts,Stainless Steel,MS,10 mm,1548
S0503,Electric Motors,Cast Iron,IE2,5 HP,14673
S0503,Conveyor Belts,PU,Grade A,800 mm,29739
S0504,Ball Valves,Stainless Steel,SS304,2 inch,1454
S0505,Electric Motors,Aluminium,IE2,25 HP,24442
S0505,Electric Motors,Aluminium,IE3,10 HP,27145
S0505,Hydraulic Cylinders,Stainless Steel,SS304,150 mm,25031
S0506,Conveyor Belts,PU,Grade A,1000 mm,19434
S0507,Gearboxes,Cast Iron,Worm,5 HP,28149
S0507,Industrial Pumps,Cast Iron,SS304,20 HP,28831
S0508,Gearboxes,Steel,Worm,10 HP,17816
S0509,Hydraulic Cylinders,Stainless Steel,SS304,50 mm,13000
S0510,Electric Motors,Aluminium,IE2,5 HP,22314
S0510,Steel Brackets,Stainless Steel,MS,3 mm,6317
S0510,Conveyor Belts,Rubber,Food Grade,800 mm,6946
S0511,Hydraulic Cylinders,Stainless Steel,SS304,50 mm,3828
S0512,Conveyor Belts,PU,Food Grade,1000 mm,21983
S0513,Electric Motors,Aluminium,IE2,5 HP,14805
S0513,Ball Valves,Carbon Steel,CS,1 inch,17431
S0514,Sheet Metal Parts,Stainless Steel,SS304,5 mm,20287
S0514,Steel Brackets,Mild Steel,SS304,3 mm,29690
S0514,Gearboxes,Steel,Worm,10 HP,6211
S0515,Electric Motors,Aluminium,IE2,10 HP,13676
S0515,Ball Valves,Carbon Steel,SS304,1 inch,16728
S0516,Ball Valves,Carbon Steel,SS316,2 inch,24643
S0517,Sheet Metal Parts,Stainless Steel,SS304,2 mm,2904
S0517,Conveyor Belts,PU,Grade A,800 mm,27083
S0518,Gearboxes,Cast Iron,Helical,10 HP,25221
S0519,Conveyor Belts,PU,Grade A,1000 mm,26791
S0519,Ball Valves,Carbon Steel,CS,2 inch,14748
S0519,Industrial Pumps,Stainless Steel,SS304,10 HP,25336
S0520,Hydraulic Cylinders,Steel,MS,50 mm,29110
S0521,Conveyor Belts,Rubber,Food Grade,800 mm,4158
S0521,Conveyor Belts,Rubber,Grade A,800 mm,10796
S0522,Ball Valves,Carbon Steel,CS,3 inch,12290
S0523,Steel Brackets,Mild Steel,SS304,8 mm,10828
S0523,Gearboxes,Cast Iron,Worm,2 HP,21019
S0523,Hydraulic Cylinders,Stainless Steel,MS,100 mm,778
S0524,Industrial Pumps,Stainless Steel,SS304,20 HP,25068
S0524,Ball Valves,Carbon Steel,SS304,3 inch,14241
S0524,Conveyor Belts,Rubber,Grade A,500 mm,12472
S0525,Sheet Metal Parts,Stainless Steel,MS,5 mm,10605
S0525,Industrial Pumps,Cast Iron,CI,10 HP,24794
S0525,Industrial Pumps,Stainless Steel,CI,10 HP,11430
S0526,Conveyor Belts,PU,Food Grade,500 mm,14695
S0526,Industrial Pumps,Stainless Steel,SS316,5 HP,6506
S0526,Industrial Pumps,Stainless Steel,SS304,5 HP,3206
S0527,Conveyor Belts,Rubber,Food Grade,500 mm,20052
S0528,Ball Valves,Carbon Steel,SS316,2 inch,5697
S0528,Sheet Metal Parts,Stainless Steel,SS304,10 mm,20168
S0529,Steel Brackets,Stainless Steel,MS,5 mm,15392
S0529,Electric Motors,Cast Iron,IE3,10 HP,18620
S0530,Industrial Pumps,Stainless Steel,CI,20 HP,23968
S0531,Sheet Metal Parts,Stainless Steel,MS,5 mm,29199
S0531,Industrial Pumps,Stainless Steel,SS316,20 HP,5520
S0532,Sheet Metal Parts,Stainless Steel,MS,10 mm,12826
S0532,Gearboxes,Cast Iron,Helical,5 HP,1330
S0532,Hydraulic Cylinders,Steel,MS,100 mm,20038
S0533,Ball Valves,Stainless Steel,CS,3 inch,12794
S0534,Electric Motors,Cast Iron,IE3,25 HP,13687
S0534,Ball Valves,Stainless Steel,CS,3 inch,25650
S0535,Industrial Pumps,Stainless Steel,SS316,5 HP,3374
S0535,Ball Valves,Carbon Steel,CS,2 inch,21647
S0536,Steel Brackets,Stainless Steel,MS,8 mm,26885
S0536,Conveyor Belts,Rubber,Grade A,500 mm,24773
S0537,Steel Brackets,Stainless Steel,MS,3 mm,12577
S0538,Ball Valves,Stainless Steel,SS304,2 inch,24834
S0538,Industrial Pumps,Stainless Steel,SS304,5 HP,17315
S0538,Industrial Pumps,Cast Iron,CI,20 HP,25148
S0539,Hydraulic Cylinders,Stainless Steel,MS,100 mm,21993
S0539,Gearboxes,Steel,Helical,5 HP,28809
S0539,Hydraulic Cylinders,Steel,MS,100 mm,28725
S0540,Hydraulic Cylinders,Stainless Steel,SS304,150 mm,13737
S0541,Sheet Metal Parts,Mild Steel,SS304,5 mm,24422
S0541,Ball Valves,Carbon Steel,SS316,2 inch,21772
S0542,Industrial Pumps,Stainless Steel,SS316,5 HP,10074
S0542,Sheet Metal Parts,Mild Steel,SS304,2 mm,15999
S0542,Conveyor Belts,Rubber,Grade A,500 mm,24882
S0543,Electric Motors,Aluminium,IE3,25 HP,15807
S0543,Ball Valves,Stainless Steel,CS,3 inch,23970
S0544,Hydraulic Cylinders,Stainless Steel,SS304,150 mm,21240
S0545,Hydraulic Cylinders,Steel,MS,150 mm,12250
S0546,Conveyor Belts,PU,Food Grade,800 mm,25473
S0546,Hydraulic Cylinders,Steel,MS,50 mm,13153
S0546,Industrial Pumps,Cast Iron,SS316,5 HP,26943
S0547,Industrial Pumps,Cast Iron,SS316,20 HP,22764
S0547,Ball Valves,Carbon Steel,CS,3 inch,15872
S0547,Conveyor Belts,PU,Food Grade,1000 mm,12543
S0548,Industrial Pumps,Stainless Steel,SS316,20 HP,13038
S0548,Electric Motors,Aluminium,IE2,25 HP,13054
S0548,Hydraulic Cylinders,Stainless Steel,SS304,100 mm,25028
S0549,Gearboxes,Cast Iron,Helical,5 HP,24850
S0549,Industrial Pumps,Cast Iron,SS316,20 HP,5563
S0549,Steel Brackets,Mild Steel,MS,5 mm,29600
S0550,Ball Valves,Stainless Steel,SS316,2 inch,22464
S0550,Steel Brackets,Stainless Steel,SS304,5 mm,15727
S0551,Gearboxes,Cast Iron,Helical,2 HP,8092
S0551,Gearboxes,Steel,Worm,10 HP,19734
S0551,Steel Brackets,Mild Steel,SS304,5 mm,28540
S0552,Conveyor Belts,Rubber,Food Grade,800 mm,22932
S0552,Ball Valves,Stainless Steel,SS316,2 inch,21322
S0553,Gearboxes,Cast Iron,Worm,10 HP,26986
S0554,Conveyor Belts,Rubber,Grade A,1000 mm,22980
S0555,Conveyor Belts,Rubber,Grade A,1000 mm,8613
S0555,Industrial Pumps,Stainless Steel,SS304,20 HP,9983
S0555,Hydraulic Cylinders,Steel,SS304,150 mm,202
S0556,Steel Brackets,Mild Steel,MS,8 mm,11738
S0556,Conveyor Belts,Rubber,Grade A,500 mm,1403
S0557,Conveyor Belts,PU,Food Grade,500 mm,24091
S0557,Gearboxes,Cast Iron,Worm,5 HP,12710
S0557,Steel Brackets,Mild Steel,MS,3 mm,8528
S0558,Conveyor Belts,PU,Grade A,800 mm,27121
S0558,Steel Brackets,Mild Steel,MS,5 mm,1049
S0558,Conveyor Belts,Rubber,Food Grade,500 mm,17615
S0559,Steel Brackets,Stainless Steel,MS,3 mm,3409
S0559,Gearboxes,Cast Iron,Worm,2 HP,25848
S0560,Hydraulic Cylinders,Stainless Steel,SS304,150 mm,3446
S0561,Gearboxes,Steel,Helical,5 HP,511
S0561,Steel Brackets,Stainless Steel,SS304,5 mm,18797
S0561,Electric Motors,Aluminium,IE3,25 HP,25678
S0562,Electric Motors,Cast Iron,IE3,25 HP,23742
S0562,Conveyor Belts,PU,Grade A,800 mm,13520
S0562,Hydraulic Cylinders,Steel,MS,50 mm,24119
S0563,Industrial Pumps,Cast Iron,CI,20 HP,24146
S0563,Steel Brackets,Mild Steel,MS,8 mm,22650
S0564,Gearboxes,Steel,Helical,10 HP,21865
S0565,Steel Brackets,Stainless Steel,MS,3 mm,17032
S0566,Conveyor Belts,Rubber,Food Grade,800 mm,16031
S0566,Electric Motors,Cast Iron,IE2,5 HP,24383
S0567,Sheet Metal Parts,Stainless Steel,MS,5 mm,393
S0568,Gearboxes,Steel,Helical,2 HP,14316
S0569,Industrial Pumps,Stainless Steel,CI,10 HP,7608
S0569,Sheet Metal Parts,Stainless Steel,SS304,5 mm,12143
S0570,Steel Brackets,Stainless Steel,MS,8 mm,14420
S0570,Industrial Pumps,Cast Iron,CI,5 HP,3826
S0571,Conveyor Belts,PU,Food Grade,500 mm,13998
S0572,Gearboxes,Cast Iron,Helical,2 HP,26175
S0572,Industrial Pumps,Stainless Steel,SS304,10 HP,16584
S0572,Industrial Pumps,Stainless Steel,SS304,20 HP,27392
S0573,Conveyor Belts,Rubber,Grade A,500 mm,9412
S0573,Ball Valves,Carbon Steel,CS,1 inch,22034
S0574,Steel Brackets,Stainless Steel,SS304,3 mm,4147
S0574,Steel Brackets,Mild Steel,SS304,5 mm,6497
S0574,Steel Brackets,Mild Steel,SS304,8 mm,6741
S0575,Hydraulic Cylinders,Stainless Steel,SS304,50 mm,16907
S0576,Gearboxes,Cast Iron,Worm,2 HP,6155
S0576,Industrial Pumps,Stainless Steel,SS304,20 HP,24604
S0576,Hydraulic Cylinders,Steel,SS304,100 mm,9380
S0577,Ball Valves,Stainless Steel,CS,1 inch,22579
S0577,Steel Brackets,Mild Steel,MS,8 mm,26743
S0578,Steel Brackets,Stainless Steel,SS304,8 mm,29168
S0579,Sheet Metal Parts,Mild Steel,MS,2 mm,4388
S0579,Conveyor Belts,PU,Food Grade,1000 mm,11581
S0580,Steel Brackets,Mild Steel,SS304,5 mm,1689
S0581,Ball Valves,Stainless Steel,SS316,3 inch,12787
S0581,Gearboxes,Steel,Worm,2 HP,6231
S0581,Industrial Pumps,Stainless Steel,CI,5 HP,19602
S0582,Electric Motors,Aluminium,IE2,5 HP,1694
S0582,Conveyor Belts,PU,Grade A,1000 mm,5054
S0583,Ball Valves,Stainless Steel,CS,2 inch,20931
S0584,Steel Brackets,Mild Steel,MS,5 mm,2076
S0584,Industrial Pumps,Cast Iron,SS304,20 HP,9364
S0584,Steel Brackets,Mild Steel,SS304,8 mm,21738
S0585,Conveyor Belts,PU,Grade A,800 mm,9007
S0585,Conveyor Belts,PU,Grade A,800 mm,7793
S0585,Gearboxes,Steel,Helical,5 HP,3270
S0586,Steel Brackets,Mild Steel,SS304,5 mm,5538
S0586,Steel Brackets,Mild Steel,SS304,3 mm,4902
S0587,Steel Brackets,Stainless Steel,SS304,5 mm,12782
S0587,Industrial Pumps,Stainless Steel,SS304,20 HP,1633
S0587,Steel Brackets,Stainless Steel,SS304,5 mm,4873
S0588,Ball Valves,Stainless Steel,SS304,2 inch,25092
S0588,Sheet Metal Parts,Mild Steel,SS304,5 mm,15892
S0588,Steel Brackets,Stainless Steel,SS304,8 mm,22876
S0589,Gearboxes,Cast Iron,Helical,2 HP,986
S0589,Conveyor Belts,PU,Food Grade,500 mm,11777
S0589,Electric Motors,Aluminium,IE3,25 HP,29174
S0590,Ball Valves,Carbon Steel,SS304,2 inch,2978
S0590,Industrial Pumps,Stainless Steel,SS304,10 HP,17582
S0591,Hydraulic Cylinders,Steel,SS304,100 mm,21883
S0591,Hydraulic Cylinders,Stainless Steel,MS,50 mm,28436
S0592,Ball Valves,Carbon Steel,CS,2 inch,4940
S0593,Sheet Metal Parts,Stainless Steel,SS304,2 mm,26484
S0593,Conveyor Belts,PU,Food Grade,1000 mm,16489
S0594,Gearboxes,Cast Iron,Helical,2 HP,12052
S0594,Industrial Pumps,Stainless Steel,SS304,10 HP,18496
S0594,Sheet Metal Parts,Mild Steel,MS,2 mm,11647
S0595,Conveyor Belts,Rubber,Grade A,1000 mm,4715
S0596,Ball Valves,Stainless Steel,SS316,3 inch,28723
S0597,Gearboxes,Cast Iron,Helical,5 HP,24564
S0597,Steel Brackets,Mild Steel,MS,5 mm,23876
S0597,Hydraulic Cylinders,Stainless Steel,MS,100 mm,3845
S0598,Gearboxes,Steel,Worm,10 HP,16645
S0598,Electric Motors,Aluminium,IE3,5 HP,9107
S0599,Steel Brackets,Stainless Steel,MS,5 mm,10462
S0599,Gearboxes,Steel,Helical,2 HP,26523
S0600,Industrial Pumps,Stainless Steel,SS316,5 HP,17946
S0600,Ball Valves,Stainless Steel,SS304,3 inch,559
S0601,Industrial Pumps,Cast Iron,SS304,5 HP,10508
S0602,Hydraulic Cylinders,Stainless Steel,SS304,50 mm,23224
S0603,Industrial Pumps,Cast Iron,SS316,20 HP,28669
S0604,Conveyor Belts,Rubber,Grade A,1000 mm,5477
S0605,Industrial Pumps,Cast Iron,SS304,5 HP,20201
S0605,Ball Valves,Stainless Steel,CS,3 inch,16502
S0606,Ball Valves,Carbon Steel,SS316,1 inch,9886
S0606,Steel Brackets,Stainless Steel,MS,8 mm,12105
S0607,Sheet Metal Parts,Mild Steel,MS,10 mm,16199
S0607,Industrial Pumps,Cast Iron,SS316,10 HP,13603
S0608,Ball Valves,Carbon Steel,CS,2 inch,8812
S0608,Industrial Pumps,Stainless Steel,CI,5 HP,23129
S0609,Ball Valves,Stainless Steel,SS316,2 inch,22126
S0609,Ball Valves,Carbon Steel,SS316,2 inch,21252
S0610,Conveyor Belts,PU,Food Grade,500 mm,10596
S0610,Hydraulic Cylinders,Stainless Steel,MS,150 mm,24490
S0611,Conveyor Belts,PU,Grade A,1000 mm,25569
S0612,Industrial Pumps,Cast Iron,SS316,10 HP,21030
S0613,Gearboxes,Cast Iron,Worm,2 HP,27415
S0613,Industrial Pumps,Stainless Steel,SS316,10 HP,24880
S0614,Steel Brackets,Mild Steel,MS,8 mm,18888
S0614,Gearboxes,Cast Iron,Helical,2 HP,23882
S0614,Steel Brackets,Mild Steel,MS,3 mm,5131
S0615,Electric Motors,Aluminium,IE3,5 HP,20984
S0615,Sheet Metal Parts,Mild Steel,MS,2 mm,24635
S0616,Conveyor Belts,Rubber,Food Grade,800 mm,730
S0617,Gearboxes,Steel,Worm,5 HP,27337
S0617,Gearboxes,Steel,Helical,2 HP,15234
S0618,Gearboxes,Steel,Helical,2 HP,26609
S0618,Ball Valves,Stainless Steel,CS,1 inch,20393
S0619,Sheet Metal Parts,Mild Steel,SS304,5 mm,7142
S0619,Conveyor Belts,PU,Food Grade,500 mm,6608
S0619,Sheet Metal Parts,Mild Steel,SS304,5 mm,13731
S0620,Electric Motors,Cast Iron,IE2,5 HP,29697
S0620,Gearboxes,Cast Iron,Helical,2 HP,5225
S0621,Gearboxes,Cast Iron,Worm,2 HP,26458
S0621,Gearboxes,Cast Iron,Worm,10 HP,5892
S0621,Gearboxes,Steel,Helical,5 HP,7768
S0622,Electric Motors,Aluminium,IE3,5 HP,3255
S0622,Ball Valves,Stainless Steel,SS316,1 inch,20807
S0622,Steel Brackets,Stainless Steel,SS304,8 mm,12730
S0623,Conveyor Belts,PU,Grade A,1000 mm,27740
S0623,Conveyor Belts,PU,Food Grade,1000 mm,1895
S0623,Electric Motors,Aluminium,IE2,25 HP,958
S0624,Electric Motors,Aluminium,IE2,5 HP,16395
S0624,Hydraulic Cylinders,Steel,SS304,50 mm,16290
S0625,Gearboxes,Steel,Worm,2 HP,6091
S0625,Electric Motors,Aluminium,IE2,25 HP,18789
S0626,Industrial Pumps,Stainless Steel,CI,20 HP,8539
S0626,Ball Valves,Stainless Steel,CS,1 inch,17762
S0626,Industrial Pumps,Stainless Steel,SS304,10 HP,3961
S0627,Electric Motors,Cast Iron,IE2,5 HP,11621
S0627,Electric Motors,Cast Iron,IE3,10 HP,16998
S0628,Gearboxes,Cast Iron,Worm,2 HP,26221
S0628,Conveyor Belts,PU,Food Grade,800 mm,14085
S0629,Hydraulic Cylinders,Stainless Steel,MS,100 mm,5680
S0629,Industrial Pumps,Cast Iron,CI,10 HP,9816
S0629,Hydraulic Cylinders,Stainless Steel,MS,50 mm,6095
S0630,Steel Brackets,Mild Steel,SS304,3 mm,10639
S0630,Industrial Pumps,Cast Iron,SS304,10 HP,18794
S0631,Ball Valves,Carbon Steel,CS,3 inch,29145
S0632,Sheet Metal Parts,Mild Steel,SS304,5 mm,4107
S0632,Ball Valves,Carbon Steel,SS304,3 inch,10911
S0633,Sheet Metal Parts,Stainless Steel,MS,5 mm,1412
S0634,Electric Motors,Cast Iron,IE3,10 HP,13318
S0634,Ball Valves,Carbon Steel,SS316,3 inch,1742
S0634,Gearboxes,Steel,Worm,5 HP,28009
S0635,Hydraulic Cylinders,Stainless Steel,MS,50 mm,3084
S0636,Ball Valves,Stainless Steel,SS316,1 inch,8841
S0637,Steel Brackets,Mild Steel,SS304,8 mm,29291
S0638,Electric Motors,Cast Iron,IE3,5 HP,3208
S0638,Electric Motors,Cast Iron,IE2,10 HP,18501
S0639,Conveyor Belts,PU,Food Grade,500 mm,16179
S0639,Ball Valves,Carbon Steel,SS304,3 inch,25156
S0639,Hydraulic Cylinders,Stainless Steel,SS304,150 mm,5246
S0640,Conveyor Belts,PU,Grade A,500 mm,9304
S0640,Gearboxes,Cast Iron,Worm,10 HP,21446
S0640,Ball Valves,Stainless Steel,SS316,1 inch,24613
S0641,Sheet Metal Parts,Stainless Steel,SS304,2 mm,18232
S0641,Ball Valves,Carbon Steel,SS316,1 inch,5135
S0641,Gearboxes,Steel,Worm,2 HP,14661
S0642,Electric Motors,Aluminium,IE3,5 HP,19665
S0643,Conveyor Belts,Rubber,Grade A,500 mm,19049
S0644,Gearboxes,Steel,Worm,2 HP,7405
S0644,Electric Motors,Cast Iron,IE2,5 HP,25946
S0644,Conveyor Belts,PU,Food Grade,1000 mm,19739
S0645,Electric Motors,Aluminium,IE2,10 HP,22529
S0645,Ball Valves,Stainless Steel,SS304,2 inch,29686
S0645,Sheet Metal Parts,Mild Steel,MS,10 mm,15751
S0646,Industrial Pumps,Cast Iron,SS316,20 HP,232
S0646,Sheet Metal Parts,Mild Steel,SS304,2 mm,1680
S0646,Industrial Pumps,Cast Iron,SS304,20 HP,16687
S0647,Hydraulic Cylinders,Stainless Steel,SS304,100 mm,12137
S0647,Sheet Metal Parts,Mild Steel,SS304,5 mm,23470
S0648,Gearboxes,Cast Iron,Helical,5 HP,16512
S0649,Ball Valves,Stainless Steel,SS316,3 inch,3736
S0649,Electric Motors,Cast Iron,IE2,10 HP,22451
S0649,Hydraulic Cylinders,Stainless Steel,SS304,150 mm,13873
S0650,Gearboxes,Steel,Worm,5 HP,3810
S0651,Steel Brackets,Mild Steel,MS,5 mm,2317
S0651,Electric Motors,Aluminium,IE3,5 HP,7321
S0651,Electric Motors,Aluminium,IE2,10 HP,10221
S0652,Electric Motors,Aluminium,IE2,25 HP,9069
S0652,Steel Brackets,Stainless Steel,MS,8 mm,2844
S0653,Gearboxes,Steel,Worm,2 HP,29462
S0653,Electric Motors,Cast Iron,IE3,5 HP,18678
S0653,Gearboxes,Steel,Helical,10 HP,25354
S0654,Sheet Metal Parts,Mild Steel,SS304,5 mm,3347
S0654,Steel Brackets,Mild Steel,MS,8 mm,22651
S0655,Industrial Pumps,Cast Iron,SS304,5 HP,20359
S0656,Industrial Pumps,Cast Iron,SS304,10 HP,22157
S0656,Industrial Pumps,Cast Iron,CI,10 HP,27698
S0657,Ball Valves,Carbon Steel,CS,2 inch,22829
S0657,Hydraulic Cylinders,Steel,MS,150 mm,19356
S0657,Industrial Pumps,Stainless Steel,CI,5 HP,18617
S0658,Industrial Pumps,Cast Iron,CI,20 HP,6776
S0658,Ball Valves,Stainless Steel,SS304,1 inch,19985
S0659,Gearboxes,Cast Iron,Helical,5 HP,13456
S0659,Sheet Metal Parts,Mild Steel,MS,10 mm,8728
S0660,Conveyor Belts,Rubber,Grade A,800 mm,15943
S0660,Electric Motors,Cast Iron,IE2,25 HP,16353
S0660,Hydraulic Cylinders,Stainless Steel,SS304,100 mm,23060
S0661,Gearboxes,Cast Iron,Worm,2 HP,21338
S0662,Electric Motors,Aluminium,IE2,10 HP,16604
S0662,Conveyor Belts,PU,Food Grade,1000 mm,2256
S0663,Electric Motors,Cast Iron,IE3,5 HP,27703
S0664,Electric Motors,Aluminium,IE3,25 HP,19229
S0664,Hydraulic Cylinders,Stainless Steel,MS,50 mm,1167
S0664,Steel Brackets,Stainless Steel,SS304,8 mm,3680
S0665,Ball Valves,Stainless Steel,CS,2 inch,24966
S0666,Sheet Metal Parts,Stainless Steel,MS,2 mm,10723
S0667,Electric Motors,Cast Iron,IE3,25 HP,9574
S0668,Industrial Pumps,Stainless Steel,SS304,5 HP,26742
S0669,Steel Brackets,Mild Steel,SS304,3 mm,18889
S0669,Sheet Metal Parts,Stainless Steel,SS304,10 mm,29683
S0670,Ball Valves,Stainless Steel,CS,2 inch,3506
S0670,Ball Valves,Carbon Steel,SS304,1 inch,19909
S0670,Hydraulic Cylinders,Steel,MS,100 mm,27336
S0671,Conveyor Belts,PU,Food Grade,1000 mm,2056
S0672,Industrial Pumps,Cast Iron,SS316,10 HP,6770
S0673,Industrial Pumps,Stainless Steel,SS316,5 HP,26599
S0673,Industrial Pumps,Cast Iron,SS304,10 HP,19800
S0673,Ball Valves,Carbon Steel,SS304,2 inch,23902
S0674,Electric Motors,Aluminium,IE2,5 HP,1063
S0674,Conveyor Belts,PU,Grade A,1000 mm,15999
S0675,Ball Valves,Carbon Steel,SS304,3 inch,29807
S0676,Industrial Pumps,Stainless Steel,SS316,20 HP,24860
S0677,Steel Brackets,Mild Steel,SS304,5 mm,1632
S0678,Ball Valves,Stainless Steel,SS316,3 inch,6945
S0679,Electric Motors,Aluminium,IE3,10 HP,23064
S0679,Ball Valves,Stainless Steel,SS316,2 inch,23317
S0679,Sheet Metal Parts,Stainless Steel,MS,2 mm,4693
S0680,Industrial Pumps,Stainless Steel,CI,10 HP,21496
S0681,Electric Motors,Aluminium,IE2,10 HP,28202
S0681,Gearboxes,Steel,Helical,5 HP,12804
S0682,Electric Motors,Aluminium,IE3,5 HP,20147
S0683,Gearboxes,Cast Iron,Helical,10 HP,12917
S0683,Electric Motors,Cast Iron,IE3,25 HP,23767
S0684,Industrial Pumps,Cast Iron,CI,10 HP,3002
S0685,Electric Motors,Aluminium,IE2,10 HP,18826
S0685,Hydraulic Cylinders,Stainless Steel,MS,100 mm,15362
S0686,Conveyor Belts,PU,Grade A,1000 mm,2806
S0686,Electric Motors,Cast Iron,IE2,10 HP,6091
S0686,Electric Motors,Cast Iron,IE3,10 HP,4368
S0687,Industrial Pumps,Stainless Steel,CI,20 HP,28399
S0687,Sheet Metal Parts,Stainless Steel,MS,10 mm,23706
S0687,Conveyor Belts,Rubber,Food Grade,800 mm,728
S0688,Ball Valves,Stainless Steel,SS304,2 inch,18889
S0688,Hydraulic Cylinders,Stainless Steel,MS,150 mm,14174
S0688,Electric Motors,Aluminium,IE2,10 HP,20089
S0689,Industrial Pumps,Stainless Steel,SS316,5 HP,9731
S0689,Steel Brackets,Stainless Steel,SS304,8 mm,7129
S0689,Hydraulic Cylinders,Stainless Steel,MS,100 mm,27421
S0690,Gearboxes,Cast Iron,Helical,10 HP,15677
S0691,Conveyor Belts,PU,Grade A,800 mm,10515
S0691,Ball Valves,Stainless Steel,SS316,3 inch,29043
S0692,Sheet Metal Parts,Mild Steel,SS304,5 mm,7728
S0692,Steel Brackets,Stainless Steel,MS,8 mm,19361
S0692,Steel Brackets,Mild Steel,MS,5 mm,10484
S0693,Conveyor Belts,Rubber,Food Grade,500 mm,5664
S0693,Ball Valves,Carbon Steel,SS316,3 inch,23510
S0693,Sheet Metal Parts,Mild Steel,MS,2 mm,27523
S0694,Hydraulic Cylinders,Steel,SS304,150 mm,18449
S0694,Conveyor Belts,PU,Grade A,800 mm,29606
S0695,Sheet Metal Parts,Stainless Steel,SS304,5 mm,23141
S0695,Steel Brackets,Stainless Steel,SS304,3 mm,29546
S0696,Electric Motors,Aluminium,IE2,10 HP,16364
S0696,Hydraulic Cylinders,Steel,SS304,100 mm,10777
S0696,Gearboxes,Steel,Helical,2 HP,1574
S0697,Electric Motors,Aluminium,IE2,10 HP,9173
S0697,Sheet Metal Parts,Stainless Steel,MS,2 mm,9652
S0698,Steel Brackets,Stainless Steel,SS304,8 mm,17826
S0698,Conveyor Belts,Rubber,Food Grade,500 mm,12309
S0698,Conveyor Belts,PU,Food Grade,1000 mm,14776
S0699,Gearboxes,Steel,Worm,2 HP,28528
S0699,Steel Brackets,Mild Steel,SS304,5 mm,26533
S0700,Ball Valves,Carbon Steel,SS304,2 inch,3491
S0700,Hydraulic Cylinders,Steel,MS,150 mm,20754
S0700,Industrial Pumps,Stainless Steel,SS304,20 HP,12527
S0701,Electric Motors,Aluminium,IE2,25 HP,28900
S0701,Ball Valves,Stainless Steel,SS304,2 inch,2404
S0702,Conveyor Belts,PU,Food Grade,1000 mm,21726
S0702,Steel Brackets,Mild Steel,SS304,5 mm,22088
S0702,Sheet Metal Parts,Stainless Steel,SS304,10 mm,11902
S0703,Gearboxes,Steel,Worm,2 HP,21906
S0703,Gearboxes,Cast Iron,Helical,5 HP,10649
S0704,Gearboxes,Cast Iron,Helical,5 HP,8979
S0704,Conveyor Belts,PU,Grade A,1000 mm,25490
S0704,Hydraulic Cylinders,Stainless Steel,SS304,100 mm,13024
S0705,Hydraulic Cylinders,Steel,SS304,100 mm,13628
S0706,Hydraulic Cylinders,Steel,MS,150 mm,891
S0706,Gearboxes,Cast Iron,Worm,5 HP,25327
S0706,Ball Valves,Stainless Steel,CS,1 inch,12065
S0707,Steel Brackets,Mild Steel,MS,5 mm,7265
S0707,Conveyor Belts,Rubber,Grade A,500 mm,24943
S0708,Industrial Pumps,Stainless Steel,CI,20 HP,8303
S0708,Industrial Pumps,Cast Iron,CI,5 HP,26840
S0709,Ball Valves,Carbon Steel,SS304,1 inch,24535
S0710,Hydraulic Cylinders,Stainless Steel,MS,100 mm,9180
S0710,Sheet Metal Parts,Mild Steel,MS,5 mm,21697
S0711,Electric Motors,Cast Iron,IE3,25 HP,17672
S0711,Conveyor Belts,PU,Grade A,800 mm,24040
S0711,Gearboxes,Steel,Helical,5 HP,7542
S0712,Electric Motors,Cast Iron,IE2,25 HP,2940
S0713,Gearboxes,Steel,Helical,2 HP,25346
S0714,Gearboxes,Cast Iron,Worm,10 HP,7055
S0714,Sheet Metal Parts,Stainless Steel,SS304,10 mm,7924
S0715,Ball Valves,Carbon Steel,CS,1 inch,12510
S0716,Industrial Pumps,Cast Iron,SS316,5 HP,20718
S0717,Ball Valves,Carbon Steel,SS316,3 inch,29043
S0717,Electric Motors,Cast Iron,IE3,25 HP,21506
S0718,Electric Motors,Cast Iron,IE3,5 HP,11019
S0718,Steel Brackets,Stainless Steel,MS,3 mm,10610
S0719,Conveyor Belts,Rubber,Grade A,1000 mm,15227
S0719,Hydraulic Cylinders,Steel,MS,150 mm,15558
S0719,Steel Brackets,Stainless Steel,MS,8 mm,18522
S0720,Electric Motors,Cast Iron,IE3,10 HP,18586
S0720,Conveyor Belts,Rubber,Grade A,500 mm,24142
S0720,Conveyor Belts,PU,Grade A,800 mm,18670
S0721,Electric Motors,Cast Iron,IE2,5 HP,287
S0721,Conveyor Belts,Rubber,Grade A,1000 mm,5000
S0721,Steel Brackets,Stainless Steel,MS,3 mm,10795
S0722,Electric Motors,Aluminium,IE2,25 HP,13085
S0722,Gearboxes,Steel,Worm,5 HP,10415
S0723,Electric Motors,Aluminium,IE3,25 HP,14671
S0723,Sheet Metal Parts,Stainless Steel,MS,10 mm,29683
S0723,Gearboxes,Steel,Helical,2 HP,28581
S0724,Hydraulic Cylinders,Steel,MS,50 mm,14686
S0724,Hydraulic Cylinders,Steel,MS,150 mm,10370
S0725,Electric Motors,Cast Iron,IE3,5 HP,22990
S0726,Sheet Metal Parts,Stainless Steel,MS,5 mm,24773
S0726,Ball Valves,Stainless Steel,SS316,1 inch,20284
S0726,Steel Brackets,Stainless Steel,SS304,3 mm,13948
S0727,Conveyor Belts,Rubber,Food Grade,1000 mm,27994
S0727,Hydraulic Cylinders,Steel,SS304,150 mm,664
S0728,Electric Motors,Aluminium,IE2,10 HP,1658
S0728,Electric Motors,Aluminium,IE3,5 HP,21017
S0728,Industrial Pumps,Cast Iron,SS316,20 HP,11691
S0729,Ball Valves,Stainless Steel,SS304,3 inch,3031
S0730,Hydraulic Cylinders,Stainless Steel,MS,150 mm,8284
S0731,Steel Brackets,Mild Steel,MS,3 mm,27570
S0731,Conveyor Belts,PU,Grade A,500 mm,9864
S0732,Sheet Metal Parts,Mild Steel,MS,10 mm,12837
S0732,Steel Brackets,Stainless Steel,MS,5 mm,21368
S0732,Electric Motors,Aluminium,IE3,25 HP,16707
S0733,Industrial Pumps,Stainless Steel,CI,20 HP,20880
S0733,Steel Brackets,Mild Steel,SS304,5 mm,19428
S0734,Ball Valves,Carbon Steel,SS304,1 inch,14008
S0734,Sheet Metal Parts,Stainless Steel,SS304,10 mm,29788
S0734,Ball Valves,Stainless Steel,SS316,2 inch,5532
S0735,Gearboxes,Steel,Worm,2 HP,8476
S0735,Hydraulic Cylinders,Stainless Steel,SS304,150 mm,13344
S0735,Electric Motors,Aluminium,IE2,25 HP,3734
S0736,Electric Motors,Aluminium,IE2,5 HP,21938
S0737,Gearboxes,Cast Iron,Worm,2 HP,21781
S0737,Steel Brackets,Stainless Steel,SS304,5 mm,10277
S0738,Hydraulic Cylinders,Steel,SS304,50 mm,11495
S0739,Gearboxes,Steel,Helical,2 HP,12900
S0739,Steel Brackets,Mild Steel,SS304,5 mm,25538
S0739,Hydraulic Cylinders,Stainless Steel,SS304,150 mm,13105
S0740,Steel Brackets,Stainless Steel,MS,5 mm,11336
S0741,Conveyor Belts,PU,Food Grade,500 mm,11327
S0742,Electric Motors,Cast Iron,IE2,5 HP,13248
S0743,Gearboxes,Cast Iron,Helical,5 HP,4418
S0743,Gearboxes,Steel,Helical,5 HP,21624
S0743,Gearboxes,Steel,Helical,5 HP,14125
S0744,Hydraulic Cylinders,Steel,MS,100 mm,17623
S0744,Gearboxes,Cast Iron,Helical,2 HP,11246
S0744,Electric Motors,Aluminium,IE3,10 HP,1790
S0745,Hydraulic Cylinders,Stainless Steel,SS304,100 mm,22318
S0745,Electric Motors,Aluminium,IE3,5 HP,9808
S0745,Hydraulic Cylinders,Stainless Steel,MS,100 mm,10837
S0746,Steel Brackets,Stainless Steel,SS304,3 mm,24015
S0747,Sheet Metal Parts,Mild Steel,MS,5 mm,12415
S0748,Electric Motors,Cast Iron,IE3,5 HP,6227
S0748,Electric Motors,Aluminium,IE3,5 HP,26206
S0748,Conveyor Belts,PU,Food Grade,1000 mm,17044
S0749,Steel Brackets,Mild Steel,SS304,8 mm,13263
S0749,Steel Brackets,Mild Steel,MS,3 mm,13542
S0750,Hydraulic Cylinders,Steel,MS,50 mm,792
S0750,Hydraulic Cylinders,Steel,MS,150 mm,9631
S0750,Sheet Metal Parts,Stainless Steel,SS304,10 mm,12948
S0751,Sheet Metal Parts,Mild Steel,MS,10 mm,12981
S0751,Electric Motors,Cast Iron,IE2,25 HP,28127
S0752,Hydraulic Cylinders,Stainless Steel,SS304,100 mm,14994
S0752,Sheet Metal Parts,Mild Steel,MS,10 mm,19367
S0752,Steel Brackets,Mild Steel,MS,5 mm,25265
S0753,Gearboxes,Cast Iron,Helical,5 HP,7353
S0754,Gearboxes,Steel,Worm,2 HP,13902
S0754,Electric Motors,Cast Iron,IE3,25 HP,3661
S0754,Hydraulic Cylinders,Stainless Steel,MS,100 mm,16414
S0755,Hydraulic Cylinders,Stainless Steel,MS,150 mm,29929
S0756,Industrial Pumps,Stainless Steel,SS304,20 HP,20513
S0756,Ball Valves,Carbon Steel,SS304,2 inch,20182
S0756,Conveyor Belts,Rubber,Food Grade,1000 mm,3180
S0757,Hydraulic Cylinders,Steel,MS,100 mm,23556
S0757,Conveyor Belts,PU,Grade A,800 mm,2323
S0758,Steel Brackets,Mild Steel,SS304,8 mm,27655
S0759,Gearboxes,Steel,Worm,2 HP,25858
S0760,Industrial Pumps,Cast Iron,SS316,20 HP,2159
S0760,Electric Motors,Cast Iron,IE2,10 HP,13288
S0760,Sheet Metal Parts,Stainless Steel,MS,2 mm,4983
S0761,Conveyor Belts,PU,Grade A,800 mm,21238
S0761,Ball Valves,Carbon Steel,CS,2 inch,24858
S0762,Electric Motors,Cast Iron,IE2,5 HP,5050
S0762,Electric Motors,Aluminium,IE2,10 HP,18666
S0762,Hydraulic Cylinders,Stainless Steel,SS304,150 mm,5387
S0763,Steel Brackets,Stainless Steel,MS,5 mm,8631
S0763,Conveyor Belts,Rubber,Grade A,1000 mm,10127
S0763,Steel Brackets,Stainless Steel,MS,5 mm,23830
S0764,Hydraulic Cylinders,Stainless Steel,SS304,100 mm,21446
S0765,Conveyor Belts,PU,Grade A,500 mm,5118
S0765,Electric Motors,Aluminium,IE2,10 HP,16544
S0766,Ball Valves,Carbon Steel,CS,1 inch,9095
S0766,Ball Valves,Stainless Steel,SS316,3 inch,17335
S0767,Conveyor Belts,PU,Grade A,500 mm,20160
S0768,Electric Motors,Aluminium,IE2,5 HP,8193
S0769,Ball Valves,Stainless Steel,SS316,1 inch,14680
S0769,Ball Valves,Carbon Steel,SS304,1 inch,17972
S0769,Conveyor Belts,PU,Food Grade,1000 mm,514
S0770,Sheet Metal Parts,Mild Steel,SS304,5 mm,19905
S0770,Electric Motors,Cast Iron,IE2,10 HP,16822
S0770,Sheet Metal Parts,Stainless Steel,SS304,5 mm,28618
S0771,Ball Valves,Stainless Steel,SS316,1 inch,10659
S0771,Sheet Metal Parts,Stainless Steel,MS,2 mm,2348
S0772,Conveyor Belts,Rubber,Grade A,500 mm,10266
S0773,Conveyor Belts,Rubber,Food Grade,500 mm,6488
S0773,Gearboxes,Cast Iron,Helical,10 HP,21911
S0773,Steel Brackets,Mild Steel,MS,8 mm,19704
S0774,Steel Brackets,Mild Steel,MS,8 mm,11797
S0774,Hydraulic Cylinders,Stainless Steel,SS304,100 mm,18657
S0775,Steel Brackets,Mild Steel,MS,3 mm,27021
S0775,Conveyor Belts,Rubber,Food Grade,800 mm,27481
S0776,Conveyor Belts,Rubber,Food Grade,800 mm,3700
S0776,Ball Valves,Stainless Steel,SS304,2 inch,23886
S0776,Sheet Metal Parts,Stainless Steel,MS,10 mm,12981
S0777,Hydraulic Cylinders,Stainless Steel,SS304,100 mm,9513
S0777,Ball Valves,Carbon Steel,SS304,3 inch,2624
S0777,Hydraulic Cylinders,Stainless Steel,MS,50 mm,19526
S0778,Electric Motors,Cast Iron,IE2,5 HP,25500
S0778,Ball Valves,Carbon Steel,SS316,2 inch,24686
S0778,Conveyor Belts,Rubber,Food Grade,800 mm,7660
S0779,Industrial Pumps,Stainless Steel,SS304,20 HP,13660
S0779,Gearboxes,Steel,Worm,2 HP,27452
S0779,Industrial Pumps,Cast Iron,SS304,20 HP,14526
S0780,Ball Valves,Stainless Steel,CS,1 inch,17624
S0780,Steel Brackets,Stainless Steel,MS,8 mm,21504
S0780,Conveyor Belts,Rubber,Food Grade,800 mm,15460
S0781,Gearboxes,Cast Iron,Worm,10 HP,9827
S0781,Industrial Pumps,Cast Iron,SS304,5 HP,7580
S0781,Hydraulic Cylinders,Stainless Steel,MS,100 mm,28235
S0782,Steel Brackets,Stainless Steel,SS304,3 mm,10308
S0782,Steel Brackets,Stainless Steel,SS304,8 mm,19923
S0783,Conveyor Belts,Rubber,Food Grade,500 mm,14102
S0784,Gearboxes,Cast Iron,Worm,10 HP,28190
S0785,Ball Valves,Stainless Steel,SS304,3 inch,19149
S0785,Ball Valves,Stainless Steel,SS304,1 inch,16227
S0786,Sheet Metal Parts,Stainless Steel,MS,5 mm,729
S0786,Industrial Pumps,Cast Iron,SS316,10 HP,28298
S0787,Conveyor Belts,Rubber,Food Grade,800 mm,719
S0787,Electric Motors,Cast Iron,IE2,5 HP,27968
S0788,Industrial Pumps,Stainless Steel,CI,5 HP,28588
S0788,Electric Motors,Cast Iron,IE3,5 HP,13937
S0789,Ball Valves,Stainless Steel,SS304,2 inch,6887
S0789,Electric Motors,Cast Iron,IE3,10 HP,20578
S0790,Gearboxes,Cast Iron,Worm,10 HP,23875
S0791,Ball Valves,Stainless Steel,SS316,2 inch,13801
S0791,Sheet Metal Parts,Mild Steel,MS,5 mm,15805
S0792,Ball Valves,Carbon Steel,SS316,3 inch,27433
S0792,Conveyor Belts,Rubber,Grade A,1000 mm,4453
S0792,Steel Brackets,Stainless Steel,SS304,8 mm,3306
S0793,Hydraulic Cylinders,Stainless Steel,SS304,50 mm,10946
S0793,Gearboxes,Steel,Helical,10 HP,24330
S0794,Industrial Pumps,Stainless Steel,SS304,10 HP,10768
S0794,Industrial Pumps,Cast Iron,SS316,10 HP,6352
S0794,Gearboxes,Steel,Helical,5 HP,20559
S0795,Steel Brackets,Mild Steel,MS,5 mm,25497
S0795,Sheet Metal Parts,Mild Steel,SS304,10 mm,8813
S0796,Sheet Metal Parts,Mild Steel,MS,10 mm,23553
S0797,Steel Brackets,Mild Steel,SS304,3 mm,27725
S0797,Conveyor Belts,Rubber,Grade A,1000 mm,24598
S0797,Hydraulic Cylinders,Steel,MS,150 mm,12083
S0798,Conveyor Belts,Rubber,Food Grade,500 mm,9323
S0798,Industrial Pumps,Cast Iron,SS316,10 HP,29722
S0798,Gearboxes,Steel,Worm,5 HP,4660
S0799,Ball Valves,Stainless Steel,SS316,1 inch,4911
S0799,Sheet Metal Parts,Mild Steel,MS,5 mm,25965
S0799,Steel Brackets,Mild Steel,MS,8 mm,6536
S0800,Steel Brackets,Stainless Steel,MS,3 mm,22227
S0801,Sheet Metal Parts,Mild Steel,SS304,5 mm,27143
S0801,Ball Valves,Carbon Steel,SS304,1 inch,29043
S0801,Hydraulic Cylinders,Stainless Steel,MS,100 mm,27658
S0802,Electric Motors,Aluminium,IE2,5 HP,24178
S0802,Hydraulic Cylinders,Steel,SS304,150 mm,14371
S0803,Electric Motors,Cast Iron,IE3,25 HP,27603
S0803,Electric Motors,Cast Iron,IE2,5 HP,3513
S0804,Sheet Metal Parts,Stainless Steel,SS304,2 mm,19915
S0805,Gearboxes,Steel,Helical,5 HP,21403
S0805,Sheet Metal Parts,Stainless Steel,MS,5 mm,26845
S0805,Gearboxes,Cast Iron,Helical,10 HP,6122
S0806,Electric Motors,Cast Iron,IE3,10 HP,8349
S0806,Electric Motors,Cast Iron,IE2,10 HP,15214
S0807,Gearboxes,Steel,Helical,5 HP,28270
S0807,Ball Valves,Carbon Steel,SS316,3 inch,17836
S0807,Conveyor Belts,PU,Food Grade,500 mm,23856
S0808,Electric Motors,Cast Iron,IE3,10 HP,26607
S0809,Electric Motors,Aluminium,IE3,25 HP,22994
S0809,Ball Valves,Stainless Steel,SS304,1 inch,23519
S0810,Gearboxes,Cast Iron,Worm,10 HP,18881
S0811,Electric Motors,Aluminium,IE3,5 HP,27503
S0811,Conveyor Belts,Rubber,Grade A,800 mm,21430
S0811,Conveyor Belts,Rubber,Grade A,800 mm,8184
S0812,Steel Brackets,Mild Steel,MS,8 mm,8768
S0812,Hydraulic Cylinders,Stainless Steel,SS304,100 mm,12144
S0813,Conveyor Belts,Rubber,Grade A,1000 mm,23411
S0813,Sheet Metal Parts,Stainless Steel,MS,10 mm,7665
S0813,Hydraulic Cylinders,Steel,SS304,100 mm,19017
S0814,Sheet Metal Parts,Mild Steel,SS304,5 mm,28628
S0815,Industrial Pumps,Cast Iron,SS316,20 HP,25246
S0815,Steel Brackets,Mild Steel,SS304,8 mm,15014
S0815,Electric Motors,Cast Iron,IE3,5 HP,18873
S0816,Industrial Pumps,Cast Iron,CI,5 HP,25582
S0817,Steel Brackets,Stainless Steel,SS304,8 mm,16419
S0817,Ball Valves,Carbon Steel,SS304,1 inch,13423
S0817,Gearboxes,Steel,Worm,10 HP,15745
S0818,Sheet Metal Parts,Mild Steel,MS,5 mm,13353
S0818,Conveyor Belts,Rubber,Food Grade,1000 mm,20942
S0819,Industrial Pumps,Cast Iron,SS304,5 HP,256
S0820,Hydraulic Cylinders,Steel,MS,50 mm,21056
S0820,Sheet Metal Parts,Mild Steel,MS,5 mm,3377
S0820,Steel Brackets,Mild Steel,SS304,5 mm,23346
S0821,Electric Motors,Aluminium,IE3,25 HP,6111
S0821,Steel Brackets,Stainless Steel,MS,3 mm,19975
S0822,Ball Valves,Carbon Steel,SS304,2 inch,4832
S0823,Ball Valves,Stainless Steel,CS,3 inch,10703
S0823,Gearboxes,Cast Iron,Worm,5 HP,4639
S0823,Sheet Metal Parts,Mild Steel,SS304,10 mm,14169
S0824,Sheet Metal Parts,Stainless Steel,SS304,5 mm,25967
S0824,Electric Motors,Aluminium,IE2,5 HP,3122
S0824,Electric Motors,Aluminium,IE3,25 HP,1771
S0825,Gearboxes,Cast Iron,Worm,10 HP,23110
S0826,Ball Valves,Stainless Steel,SS316,1 inch,18915
S0826,Industrial Pumps,Stainless Steel,SS316,5 HP,29701
S0827,Gearboxes,Cast Iron,Worm,5 HP,1666
S0828,Electric Motors,Aluminium,IE3,10 HP,22819
S0828,Industrial Pumps,Cast Iron,SS316,10 HP,9312
S0828,Conveyor Belts,PU,Food Grade,1000 mm,541
S0829,Ball Valves,Stainless Steel,SS316,1 inch,6208
S0830,Electric Motors,Cast Iron,IE3,25 HP,8768
S0830,Ball Valves,Stainless Steel,SS316,1 inch,3034
S0831,Ball Valves,Stainless Steel,SS304,2 inch,6244
S0832,Industrial Pumps,Stainless Steel,SS304,20 HP,10617
S0832,Industrial Pumps,Stainless Steel,SS304,10 HP,28363
S0833,Steel Brackets,Mild Steel,SS304,3 mm,6228
S0833,Conveyor Belts,PU,Food Grade,500 mm,28751
S0834,Hydraulic Cylinders,Steel,MS,150 mm,2334
S0834,Gearboxes,Cast Iron,Helical,10 HP,10740
S0834,Hydraulic Cylinders,Steel,MS,50 mm,22623
S0835,Ball Valves,Stainless Steel,CS,1 inch,18669
S0835,Ball Valves,Stainless Steel,CS,2 inch,18926
S0835,Gearboxes,Steel,Worm,5 HP,24712
S0836,Sheet Metal Parts,Stainless Steel,MS,2 mm,9599
S0837,Industrial Pumps,Cast Iron,SS316,20 HP,29029
S0838,Gearboxes,Steel,Worm,5 HP,12928
S0838,Sheet Metal Parts,Stainless Steel,SS304,5 mm,22002
S0839,Hydraulic Cylinders,Stainless Steel,SS304,100 mm,21302
S0840,Gearboxes,Cast Iron,Helical,2 HP,11265
S0840,Steel Brackets,Mild Steel,MS,3 mm,14715
S0841,Steel Brackets,Mild Steel,SS304,3 mm,13677
S0841,Hydraulic Cylinders,Stainless Steel,MS,150 mm,4478
S0841,Sheet Metal Parts,Stainless Steel,MS,10 mm,3380
S0842,Hydraulic Cylinders,Stainless Steel,MS,150 mm,5134
S0843,Hydraulic Cylinders,Steel,SS304,100 mm,3525
S0843,Steel Brackets,Stainless Steel,SS304,5 mm,4081
S0844,Conveyor Belts,Rubber,Grade A,800 mm,3380
S0844,Industrial Pumps,Stainless Steel,SS316,10 HP,12631
S0844,Sheet Metal Parts,Mild Steel,MS,10 mm,22748
S0845,Hydraulic Cylinders,Stainless Steel,MS,100 mm,2457
S0845,Steel Brackets,Stainless Steel,MS,8 mm,13098
S0845,Steel Brackets,Stainless Steel,SS304,8 mm,10708
S0846,Gearboxes,Cast Iron,Worm,5 HP,6492
S0846,Electric Motors,Aluminium,IE3,10 HP,29881
S0846,Steel Brackets,Stainless Steel,SS304,8 mm,10247
S0847,Sheet Metal Parts,Mild Steel,SS304,10 mm,1228
S0847,Steel Brackets,Stainless Steel,SS304,5 mm,12673
S0847,Conveyor Belts,PU,Food Grade,800 mm,1379
S0848,Hydraulic Cylinders,Steel,SS304,150 mm,8771
S0848,Conveyor Belts,PU,Food Grade,800 mm,2929
S0849,Conveyor Belts,Rubber,Grade A,800 mm,2328
S0850,Ball Valves,Stainless Steel,CS,3 inch,28752
S0850,Sheet Metal Parts,Stainless Steel,MS,10 mm,4196
S0851,Industrial Pumps,Cast Iron,CI,5 HP,7088
S0852,Sheet Metal Parts,Mild Steel,SS304,5 mm,24171
S0852,Industrial Pumps,Cast Iron,SS304,20 HP,406
S0852,Ball Valves,Stainless Steel,SS304,2 inch,4915
S0853,Steel Brackets,Mild Steel,MS,8 mm,13709
S0854,Industrial Pumps,Cast Iron,SS316,5 HP,2318
S0854,Industrial Pumps,Stainless Steel,SS316,10 HP,29779
S0854,Industrial Pumps,Cast Iron,SS304,20 HP,25248
S0855,Ball Valves,Carbon Steel,CS,2 inch,14971
S0855,Hydraulic Cylinders,Stainless Steel,SS304,100 mm,10038
S0855,Sheet Metal Parts,Stainless Steel,MS,2 mm,19442
S0856,Sheet Metal Parts,Stainless Steel,MS,2 mm,24378
S0856,Gearboxes,Steel,Helical,2 HP,26029
S0857,Steel Brackets,Stainless Steel,SS304,3 mm,737
S0858,Electric Motors,Cast Iron,IE2,5 HP,16142
S0859,Hydraulic Cylinders,Steel,MS,100 mm,23334
S0860,Sheet Metal Parts,Mild Steel,SS304,10 mm,5397
S0860,Hydraulic Cylinders,Stainless Steel,SS304,150 mm,4192
S0861,Hydraulic Cylinders,Stainless Steel,MS,50 mm,14849
S0862,Sheet Metal Parts,Stainless Steel,SS304,10 mm,26211
S0862,Hydraulic Cylinders,Steel,MS,100 mm,25811
S0862,Conveyor Belts,Rubber,Grade A,800 mm,18658
S0863,Hydraulic Cylinders,Steel,SS304,100 mm,19945
S0863,Electric Motors,Aluminium,IE3,10 HP,25674
S0863,Conveyor Belts,PU,Grade A,800 mm,27979
S0864,Steel Brackets,Mild Steel,MS,5 mm,10494
S0864,Conveyor Belts,Rubber,Grade A,800 mm,24232
S0865,Industrial Pumps,Cast Iron,SS316,5 HP,4920
S0865,Electric Motors,Aluminium,IE2,25 HP,21302
S0866,Gearboxes,Cast Iron,Worm,5 HP,3730
S0866,Electric Motors,Cast Iron,IE3,5 HP,23343
S0866,Sheet Metal Parts,Stainless Steel,MS,10 mm,4411
S0867,Hydraulic Cylinders,Stainless Steel,MS,150 mm,14429
S0868,Hydraulic Cylinders,Steel,MS,150 mm,23703
S0868,Steel Brackets,Mild Steel,SS304,3 mm,4784
S0869,Hydraulic Cylinders,Stainless Steel,MS,100 mm,11458
S0869,Ball Valves,Carbon Steel,SS316,3 inch,2236
S0870,Steel Brackets,Stainless Steel,MS,3 mm,8040
S0870,Industrial Pumps,Stainless Steel,SS304,20 HP,27819
S0871,Hydraulic Cylinders,Stainless Steel,SS304,150 mm,22163
S0872,Gearboxes,Cast Iron,Helical,2 HP,19522
S0872,Industrial Pumps,Stainless Steel,SS304,20 HP,16304
S0872,Industrial Pumps,Cast Iron,CI,5 HP,19257
S0873,Electric Motors,Cast Iron,IE3,25 HP,12927
S0873,Steel Brackets,Stainless Steel,MS,5 mm,6615
S0873,Hydraulic Cylinders,Stainless Steel,SS304,50 mm,21514
S0874,Conveyor Belts,Rubber,Grade A,500 mm,12896
S0874,Ball Valves,Stainless Steel,SS304,3 inch,24307
S0875,Conveyor Belts,PU,Grade A,1000 mm,980
S0875,Electric Motors,Aluminium,IE2,5 HP,28392
S0875,Hydraulic Cylinders,Steel,SS304,150 mm,12932
S0876,Electric Motors,Aluminium,IE2,25 HP,3714
S0876,Industrial Pumps,Stainless Steel,CI,5 HP,28287
S0876,Industrial Pumps,Cast Iron,SS304,10 HP,14783
S0877,Hydraulic Cylinders,Steel,SS304,100 mm,21618
S0877,Industrial Pumps,Cast Iron,SS304,5 HP,10097
S0877,Steel Brackets,Mild Steel,MS,3 mm,4142
S0878,Electric Motors,Cast Iron,IE2,25 HP,18655
S0878,Sheet Metal Parts,Mild Steel,MS,2 mm,2335
S0878,Gearboxes,Steel,Helical,2 HP,16499
S0879,Ball Valves,Carbon Steel,CS,2 inch,23755
S0879,Sheet Metal Parts,Mild Steel,SS304,2 mm,22195
S0879,Electric Motors,Aluminium,IE2,25 HP,14879
S0880,Conveyor Belts,Rubber,Food Grade,800 mm,3097
S0880,Hydraulic Cylinders,Stainless Steel,SS304,150 mm,5570
S0881,Steel Brackets,Mild Steel,MS,5 mm,11584
S0881,Electric Motors,Aluminium,IE3,25 HP,17969
S0882,Sheet Metal Parts,Stainless Steel,MS,2 mm,11454
S0882,Steel Brackets,Mild Steel,SS304,8 mm,4771
S0883,Industrial Pumps,Stainless Steel,CI,5 HP,8546
S0883,Steel Brackets,Stainless Steel,MS,5 mm,4031
S0883,Hydraulic Cylinders,Stainless Steel,SS304,150 mm,21725
S0884,Sheet Metal Parts,Mild Steel,MS,10 mm,219
S0885,Gearboxes,Steel,Helical,10 HP,21114
S0886,Ball Valves,Stainless Steel,SS316,2 inch,4097
S0886,Gearboxes,Steel,Worm,2 HP,23066
S0886,Electric Motors,Cast Iron,IE3,10 HP,7030
S0887,Industrial Pumps,Cast Iron,SS316,10 HP,1217
S0887,Electric Motors,Cast Iron,IE3,25 HP,25424
S0888,Industrial Pumps,Cast Iron,SS304,10 HP,25072
S0888,Ball Valves,Carbon Steel,SS316,3 inch,3216
S0889,Industrial Pumps,Cast Iron,SS316,20 HP,25666
S0889,Sheet Metal Parts,Mild Steel,SS304,2 mm,537
S0890,Gearboxes,Cast Iron,Worm,10 HP,4055
S0890,Sheet Metal Parts,Mild Steel,SS304,5 mm,28169
S0890,Steel Brackets,Stainless Steel,MS,8 mm,11059
S0891,Gearboxes,Cast Iron,Worm,2 HP,10105
S0892,Sheet Metal Parts,Mild Steel,MS,2 mm,4761
S0892,Steel Brackets,Stainless Steel,MS,5 mm,12215
S0892,Gearboxes,Cast Iron,Worm,10 HP,18008
S0893,Ball Valves,Stainless Steel,SS316,3 inch,11919
S0894,Steel Brackets,Stainless Steel,SS304,8 mm,6639
S0895,Gearboxes,Cast Iron,Helical,2 HP,6833
S0896,Industrial Pumps,Stainless Steel,CI,20 HP,8912
S0896,Industrial Pumps,Cast Iron,SS304,10 HP,8184
S0896,Sheet Metal Parts,Mild Steel,MS,10 mm,15756
S0897,Ball Valves,Stainless Steel,CS,1 inch,28309
S0897,Steel Brackets,Stainless Steel,MS,8 mm,2578
S0897,Steel Brackets,Stainless Steel,MS,8 mm,12052
S0898,Industrial Pumps,Stainless Steel,CI,20 HP,12444
S0898,Gearboxes,Steel,Helical,10 HP,29937
S0899,Electric Motors,Cast Iron,IE2,10 HP,19854
S0900,Industrial Pumps,Cast Iron,SS316,10 HP,9402
S0900,Sheet Metal Parts,Stainless Steel,SS304,10 mm,20034
S0900,Hydraulic Cylinders,Stainless Steel,SS304,150 mm,16183
S0901,Ball Valves,Carbon Steel,CS,2 inch,9088
S0901,Electric Motors,Aluminium,IE3,10 HP,29927
S0901,Conveyor Belts,Rubber,Food Grade,800 mm,6486
S0902,Steel Brackets,Mild Steel,SS304,8 mm,22678
S0902,Hydraulic Cylinders,Stainless Steel,MS,100 mm,19262
S0902,Steel Brackets,Stainless Steel,MS,8 mm,8294
S0903,Electric Motors,Cast Iron,IE3,5 HP,8546
S0903,Ball Valves,Carbon Steel,SS304,2 inch,26844
S0904,Electric Motors,Cast Iron,IE2,10 HP,1870
S0904,Gearboxes,Steel,Helical,5 HP,14525
S0905,Ball Valves,Carbon Steel,SS304,3 inch,17738
S0906,Industrial Pumps,Stainless Steel,SS304,10 HP,20659
S0906,Electric Motors,Cast Iron,IE3,5 HP,7752
S0906,Conveyor Belts,PU,Food Grade,500 mm,5171
S0907,Industrial Pumps,Stainless Steel,SS304,20 HP,24463
S0907,Electric Motors,Cast Iron,IE2,5 HP,8267
S0907,Gearboxes,Cast Iron,Helical,5 HP,20175
S0908,Gearboxes,Steel,Helical,2 HP,3488
S0908,Ball Valves,Carbon Steel,CS,2 inch,14700
S0909,Gearboxes,Steel,Worm,2 HP,16552
S0909,Gearboxes,Steel,Helical,5 HP,4935
S0910,Electric Motors,Aluminium,IE3,5 HP,12633
S0910,Sheet Metal Parts,Mild Steel,MS,10 mm,23058
S0911,Gearboxes,Steel,Worm,2 HP,14531
S0911,Electric Motors,Cast Iron,IE2,10 HP,12212
S0912,Conveyor Belts,Rubber,Food Grade,800 mm,1772
S0912,Conveyor Belts,Rubber,Grade A,500 mm,20367
S0912,Industrial Pumps,Cast Iron,SS304,20 HP,8560
S0913,Gearboxes,Steel,Helical,10 HP,2388
S0914,Electric Motors,Cast Iron,IE3,5 HP,7941
S0915,Ball Valves,Carbon Steel,CS,2 inch,23898
S0915,Steel Brackets,Stainless Steel,SS304,3 mm,25985
S0915,Industrial Pumps,Cast Iron,SS304,10 HP,17018
S0916,Hydraulic Cylinders,Stainless Steel,SS304,50 mm,15107
S0917,Steel Brackets,Stainless Steel,MS,5 mm,17530
S0917,Sheet Metal Parts,Stainless Steel,SS304,10 mm,15490
S0918,Gearboxes,Cast Iron,Worm,2 HP,26572
S0918,Industrial Pumps,Stainless Steel,SS304,20 HP,12242
S0918,Electric Motors,Aluminium,IE3,10 HP,12518
S0919,Steel Brackets,Mild Steel,SS304,8 mm,26209
S0919,Electric Motors,Cast Iron,IE2,5 HP,736
S0920,Sheet Metal Parts,Mild Steel,SS304,2 mm,8240
S0921,Gearboxes,Cast Iron,Worm,5 HP,27105
S0921,Sheet Metal Parts,Mild Steel,SS304,2 mm,11750
S0921,Hydraulic Cylinders,Steel,SS304,150 mm,5637
S0922,Conveyor Belts,PU,Grade A,800 mm,13419
S0922,Hydraulic Cylinders,Stainless Steel,SS304,150 mm,10900
S0922,Electric Motors,Cast Iron,IE2,25 HP,19389
S0923,Ball Valves,Stainless Steel,SS316,2 inch,21847
S0923,Sheet Metal Parts,Stainless Steel,MS,2 mm,25172
S0923,Conveyor Belts,Rubber,Food Grade,800 mm,13123
S0924,Conveyor Belts,PU,Grade A,800 mm,18125
S0924,Electric Motors,Aluminium,IE2,5 HP,5554
S0924,Industrial Pumps,Cast Iron,CI,10 HP,25988
S0925,Sheet Metal Parts,Stainless Steel,SS304,5 mm,8656
S0925,Hydraulic Cylinders,Stainless Steel,MS,150 mm,22546
S0925,Electric Motors,Aluminium,IE2,5 HP,14417
S0926,Electric Motors,Cast Iron,IE2,5 HP,18386
S0927,Hydraulic Cylinders,Stainless Steel,SS304,100 mm,18765
S0927,Hydraulic Cylinders,Stainless Steel,MS,50 mm,5523
S0927,Sheet Metal Parts,Mild Steel,SS304,2 mm,14474
S0928,Electric Motors,Aluminium,IE3,10 HP,13187
S0929,Hydraulic Cylinders,Steel,SS304,150 mm,12548
S0930,Sheet Metal Parts,Mild Steel,MS,2 mm,268
S0930,Sheet Metal Parts,Mild Steel,MS,2 mm,9749
S0931,Industrial Pumps,Stainless Steel,SS304,20 HP,206
S0932,Ball Valves,Carbon Steel,SS304,1 inch,15349
S0932,Electric Motors,Aluminium,IE2,10 HP,20073
S0933,Sheet Metal Parts,Stainless Steel,SS304,5 mm,21613
S0933,Gearboxes,Steel,Helical,5 HP,22031
S0934,Ball Valves,Stainless Steel,SS304,2 inch,4332
S0935,Sheet Metal Parts,Stainless Steel,SS304,2 mm,21312
S0935,Electric Motors,Aluminium,IE3,25 HP,1308
S0935,Hydraulic Cylinders,Steel,SS304,50 mm,11507
S0936,Sheet Metal Parts,Stainless Steel,SS304,5 mm,4554
S0936,Hydraulic Cylinders,Stainless Steel,SS304,150 mm,28647
S0937,Industrial Pumps,Stainless Steel,SS304,20 HP,19989
S0938,Hydraulic Cylinders,Stainless Steel,SS304,100 mm,289
S0938,Ball Valves,Carbon Steel,CS,1 inch,7116
S0938,Steel Brackets,Mild Steel,MS,8 mm,13002
S0939,Electric Motors,Cast Iron,IE2,10 HP,11098
S0939,Industrial Pumps,Cast Iron,CI,20 HP,26146
S0939,Ball Valves,Carbon Steel,SS316,2 inch,29178
S0940,Industrial Pumps,Stainless Steel,CI,20 HP,8527
S0940,Gearboxes,Steel,Helical,10 HP,7711
S0940,Industrial Pumps,Stainless Steel,SS316,5 HP,13208
S0941,Industrial Pumps,Cast Iron,CI,20 HP,1877
S0941,Sheet Metal Parts,Mild Steel,SS304,2 mm,28224
S0942,Gearboxes,Cast Iron,Worm,10 HP,8247
S0943,Electric Motors,Cast Iron,IE3,5 HP,29886
S0943,Gearboxes,Cast Iron,Helical,5 HP,3398
S0943,Electric Motors,Cast Iron,IE2,5 HP,5297
S0944,Ball Valves,Carbon Steel,SS316,1 inch,16599
S0945,Ball Valves,Carbon Steel,SS304,2 inch,26630
S0945,Conveyor Belts,PU,Grade A,1000 mm,26557
S0946,Conveyor Belts,PU,Food Grade,500 mm,11347
S0946,Gearboxes,Steel,Helical,10 HP,25623
S0946,Gearboxes,Cast Iron,Helical,2 HP,20551
S0947,Sheet Metal Parts,Stainless Steel,SS304,10 mm,12287
S0947,Conveyor Belts,Rubber,Grade A,800 mm,6363
S0947,Industrial Pumps,Cast Iron,SS304,20 HP,12407
S0948,Ball Valves,Stainless Steel,SS316,2 inch,18339
S0948,Hydraulic Cylinders,Steel,MS,150 mm,10589
S0948,Conveyor Belts,PU,Food Grade,800 mm,1475
S0949,Steel Brackets,Mild Steel,MS,5 mm,2637
S0949,Hydraulic Cylinders,Steel,SS304,100 mm,24403
S0950,Steel Brackets,Stainless Steel,MS,3 mm,3318
S0951,Industrial Pumps,Cast Iron,SS316,20 HP,24934
S0952,Electric Motors,Aluminium,IE3,5 HP,10420
S0952,Gearboxes,Cast Iron,Worm,5 HP,24484
S0952,Industrial Pumps,Stainless Steel,SS304,5 HP,19477
S0953,Electric Motors,Aluminium,IE2,5 HP,11146
S0954,Conveyor Belts,Rubber,Grade A,1000 mm,27141
S0954,Conveyor Belts,PU,Grade A,1000 mm,17336
S0955,Gearboxes,Cast Iron,Worm,5 HP,4663
S0955,Gearboxes,Steel,Worm,5 HP,8360
S0955,Ball Valves,Carbon Steel,SS316,3 inch,20033
S0956,Steel Brackets,Stainless Steel,SS304,3 mm,23500
S0957,Conveyor Belts,PU,Grade A,1000 mm,292
S0958,Ball Valves,Carbon Steel,SS316,2 inch,12610
S0959,Hydraulic Cylinders,Steel,MS,100 mm,16220
S0959,Electric Motors,Cast Iron,IE2,10 HP,300
S0960,Electric Motors,Aluminium,IE3,5 HP,29078
S0960,Electric Motors,Aluminium,IE3,10 HP,6001
S0961,Electric Motors,Aluminium,IE3,5 HP,22758
S0961,Electric Motors,Cast Iron,IE3,10 HP,5457
S0962,Conveyor Belts,Rubber,Grade A,800 mm,23833
S0962,Hydraulic Cylinders,Stainless Steel,MS,100 mm,28446
S0963,Electric Motors,Cast Iron,IE2,25 HP,18417
S0964,Gearboxes,Steel,Helical,5 HP,6537
S0964,Steel Brackets,Stainless Steel,MS,8 mm,25240
S0964,Gearboxes,Steel,Worm,10 HP,6736
S0965,Industrial Pumps,Cast Iron,SS316,10 HP,25068
S0965,Conveyor Belts,PU,Food Grade,500 mm,14317
S0966,Conveyor Belts,PU,Food Grade,1000 mm,24402
S0967,Hydraulic Cylinders,Steel,MS,100 mm,583
S0968,Hydraulic Cylinders,Steel,MS,50 mm,26591
S0969,Industrial Pumps,Cast Iron,SS304,10 HP,29280
S0969,Hydraulic Cylinders,Steel,MS,150 mm,19299
S0969,Conveyor Belts,PU,Grade A,800 mm,23018
S0970,Industrial Pumps,Cast Iron,SS304,5 HP,27145
S0970,Steel Brackets,Stainless Steel,SS304,8 mm,6078
S0970,Conveyor Belts,Rubber,Grade A,500 mm,9866
S0971,Conveyor Belts,PU,Food Grade,1000 mm,14349
S0971,Steel Brackets,Stainless Steel,SS304,5 mm,12589
S0971,Industrial Pumps,Stainless Steel,SS316,5 HP,17666
S0972,Ball Valves,Carbon Steel,SS304,3 inch,26827
S0972,Steel Brackets,Mild Steel,MS,5 mm,5357
S0973,Hydraulic Cylinders,Stainless Steel,MS,150 mm,26358
S0973,Industrial Pumps,Stainless Steel,SS316,10 HP,12505
S0974,Conveyor Belts,Rubber,Food Grade,800 mm,29997
S0975,Industrial Pumps,Stainless Steel,SS304,20 HP,18297
S0976,Steel Brackets,Stainless Steel,MS,5 mm,28060
S0977,Ball Valves,Carbon Steel,CS,3 inch,18115
S0977,Ball Valves,Carbon Steel,SS316,1 inch,22526
S0978,Industrial Pumps,Stainless Steel,SS304,10 HP,5604
S0978,Ball Valves,Stainless Steel,CS,1 inch,15954
S0978,Ball Valves,Carbon Steel,CS,3 inch,12374
S0979,Electric Motors,Cast Iron,IE3,5 HP,2986
S0979,Steel Brackets,Mild Steel,MS,5 mm,17312
S0979,Ball Valves,Stainless Steel,SS304,2 inch,16630
S0980,Industrial Pumps,Stainless Steel,SS304,20 HP,8761
S0981,Steel Brackets,Mild Steel,MS,8 mm,4228
S0981,Conveyor Belts,PU,Grade A,800 mm,16966
S0982,Gearboxes,Cast Iron,Helical,10 HP,15593
S0982,Industrial Pumps,Cast Iron,SS304,5 HP,13640
S0982,Sheet Metal Parts,Stainless Steel,MS,10 mm,25713
S0983,Electric Motors,Aluminium,IE2,10 HP,20698
S0983,Electric Motors,Aluminium,IE3,10 HP,29050
S0984,Electric Motors,Aluminium,IE2,25 HP,2347
S0984,Steel Brackets,Mild Steel,MS,8 mm,5799
S0985,Steel Brackets,Mild Steel,MS,3 mm,3610
S0985,Electric Motors,Cast Iron,IE2,10 HP,28821
S0985,Industrial Pumps,Cast Iron,SS316,20 HP,12975
S0986,Conveyor Belts,PU,Food Grade,1000 mm,22586
S0986,Steel Brackets,Mild Steel,SS304,8 mm,962
S0987,Industrial Pumps,Stainless Steel,CI,5 HP,12270
S0987,Conveyor Belts,Rubber,Food Grade,800 mm,23973
S0987,Steel Brackets,Mild Steel,SS304,8 mm,22752
S0988,Conveyor Belts,Rubber,Grade A,800 mm,6567
S0989,Steel Brackets,Stainless Steel,SS304,3 mm,23508
S0990,Conveyor Belts,Rubber,Grade A,1000 mm,22442
S0991,Gearboxes,Cast Iron,Helical,2 HP,24777
S0992,Industrial Pumps,Stainless Steel,SS304,5 HP,27081
S0992,Industrial Pumps,Stainless Steel,CI,5 HP,11163
S0992,Gearboxes,Cast Iron,Helical,10 HP,17366
S0993,Electric Motors,Aluminium,IE3,5 HP,29110
S0993,Conveyor Belts,PU,Food Grade,1000 mm,26154
S0993,Hydraulic Cylinders,Steel,MS,50 mm,10398
S0994,Electric Motors,Aluminium,IE2,10 HP,17563
S0995,Steel Brackets,Stainless Steel,SS304,3 mm,8068
S0996,Electric Motors,Aluminium,IE3,25 HP,1604
S0996,Hydraulic Cylinders,Steel,SS304,50 mm,16334
S0996,Gearboxes,Steel,Worm,10 HP,1719
S0997,Conveyor Belts,Rubber,Grade A,800 mm,12998
S0998,Conveyor Belts,Rubber,Grade A,500 mm,8523
S0998,Hydraulic Cylinders,Stainless Steel,MS,100 mm,16881
S0998,Steel Brackets,Mild Steel,SS304,5 mm,20725
S0999,Electric Motors,Aluminium,IE2,5 HP,10161
S0999,Industrial Pumps,Cast Iron,SS304,10 HP,9979
S1000,Conveyor Belts,PU,Grade A,500 mm,3557
